<?xml version = '1.0' encoding = 'UTF-8'?>
<Diagram class="oracle.dbtools.crest.swingui.relational.DPVRelational" name="Relational_1" id="BF3A6CE6-343D-FDAA-4A8A-1440AF257426">
<createdBy>57319</createdBy>
<modifiedBy>57319</modifiedBy>
<createdTime>2023-09-28 23:27:41 UTC</createdTime>
<autoRoute>false</autoRoute>
<boxInbox>true</boxInbox>
<showLegend>false</showLegend>
<showLabels>false</showLabels>
<showRelAttributes>false</showRelAttributes>
<gridEnabled>false</gridEnabled>
<showGrid>false</showGrid>
<diagramColor>-1</diagramColor>
<display>false</display>
<notation>1</notation>
<objectViews>
<OView class="oracle.dbtools.crest.swingui.relational.TVTable" oid="03A99566-DD00-4026-9AFE-7C832554A5E4" otype="Table" vid="1EC01C8F-9115-E95A-A7CC-9171270B4DD5">
<hideElementsInCurrentOnly>false</hideElementsInCurrentOnly>
<bounds x="685" y="615" width="227" height="95"/>
</OView>
<OView class="oracle.dbtools.crest.swingui.relational.TVTable" oid="03DA8689-9970-8C16-2FB4-9072159D464D" otype="Table" vid="0220EEA2-FBDD-791C-E73D-8F3D1D60F769">
<hideElementsInCurrentOnly>false</hideElementsInCurrentOnly>
<bounds x="654" y="182" width="275" height="155"/>
</OView>
<OView class="oracle.dbtools.crest.swingui.relational.TVTable" oid="2C35ECC4-5CDA-335E-BDA1-D2B80ED2F483" otype="Table" vid="A6E95D02-B1E2-6793-D4D9-39BD00C458A2">
<hideElementsInCurrentOnly>false</hideElementsInCurrentOnly>
<bounds x="631" y="11" width="234" height="112"/>
</OView>
<OView class="oracle.dbtools.crest.swingui.relational.TVTable" oid="3448E7C4-264A-AC2B-1C4C-9869CC143255" otype="Table" vid="E73CC599-3691-CF2B-26C6-98FE9C989DE8">
<hideElementsInCurrentOnly>false</hideElementsInCurrentOnly>
<bounds x="1004" y="253" width="249" height="110"/>
</OView>
<OView class="oracle.dbtools.crest.swingui.relational.TVTable" oid="3E84C678-E7F2-EC5E-0D9C-EA58CCE2B814" otype="Table" vid="ED9261B9-9D38-838B-7DEA-39D1EED935C3">
<hideElementsInCurrentOnly>false</hideElementsInCurrentOnly>
<bounds x="1216" y="680" width="187" height="111"/>
</OView>
<OView class="oracle.dbtools.crest.swingui.relational.TVTable" oid="4069893A-AC3E-C04D-E987-D9C6A4AB6AD3" otype="Table" vid="320640CE-B974-5967-795D-F7A0B24DE311">
<hideElementsInCurrentOnly>false</hideElementsInCurrentOnly>
<bounds x="1038" y="489" width="223" height="111"/>
</OView>
<OView class="oracle.dbtools.crest.swingui.relational.TVTable" oid="42FAF2FD-F987-16EC-6035-3D15C87EB15F" otype="Table" vid="D1AFFE2B-B42D-1FF4-5214-D997391F802E">
<hideElementsInCurrentOnly>false</hideElementsInCurrentOnly>
<bounds x="1316" y="502" width="251" height="126"/>
</OView>
<OView class="oracle.dbtools.crest.swingui.relational.TVTable" oid="457D185E-AB3B-DB86-D125-C04FE74AC887" otype="Table" vid="E99DD39B-3E14-B194-3C08-37DADC5A3347">
<hideElementsInCurrentOnly>false</hideElementsInCurrentOnly>
<bounds x="83" y="362" width="234" height="120"/>
</OView>
<OView class="oracle.dbtools.crest.swingui.relational.TVTable" oid="5D0F1278-C344-112E-4F5D-479664AC1345" otype="Table" vid="66A42108-8A7B-C63C-B30C-25DB562D3299">
<hideElementsInCurrentOnly>false</hideElementsInCurrentOnly>
<bounds x="485" y="701" width="195" height="116"/>
</OView>
<OView class="oracle.dbtools.crest.swingui.relational.TVTable" oid="65F4436C-A542-3240-28C7-F85D2CB5FE4D" otype="Table" vid="65DCECD3-FC86-139A-9C8B-B09E6DC63EEA">
<hideElementsInCurrentOnly>false</hideElementsInCurrentOnly>
<bounds x="329" y="174" width="282" height="150"/>
</OView>
<OView class="oracle.dbtools.crest.swingui.relational.TVTable" oid="8FB9B540-E140-59EC-8B33-91AAAAB612A3" otype="Table" vid="39304830-9AAB-AC81-C89B-795DB6044E99">
<hideElementsInCurrentOnly>false</hideElementsInCurrentOnly>
<bounds x="1058" y="15" width="333" height="185"/>
</OView>
<OView class="oracle.dbtools.crest.swingui.relational.TVTable" oid="9B53AB27-3D0B-7290-84A6-2C3C6420E2E1" otype="Table" vid="5A7E8935-6601-C371-5209-0AFBAFBECFEE">
<hideElementsInCurrentOnly>false</hideElementsInCurrentOnly>
<bounds x="161" y="11" width="240" height="121"/>
</OView>
<OView class="oracle.dbtools.crest.swingui.relational.TVTable" oid="C19191CD-D931-6277-7B9B-41623A0982AA" otype="Table" vid="0AC426DB-B96E-743D-A39B-ACBD4822D335">
<hideElementsInCurrentOnly>false</hideElementsInCurrentOnly>
<bounds x="152" y="494" width="193" height="101"/>
</OView>
<OView class="oracle.dbtools.crest.swingui.relational.TVTable" oid="CA09A49C-9C26-4A04-4B6E-C7688CC38916" otype="Table" vid="03B7356B-F6D9-E498-25B1-F90DDAB33BDC">
<hideElementsInCurrentOnly>false</hideElementsInCurrentOnly>
<bounds x="938" y="669" width="240" height="129"/>
</OView>
<OView class="oracle.dbtools.crest.swingui.relational.TVTable" oid="CBE485FE-F908-83FE-9CD5-2B7CBFAB7A0F" otype="Table" vid="7CB272A5-327F-86BA-3F93-A57D4F8B15B7">
<hideElementsInCurrentOnly>false</hideElementsInCurrentOnly>
<bounds x="1278" y="261" width="239" height="140"/>
</OView>
<OView class="oracle.dbtools.crest.swingui.relational.TVTable" oid="E263BAC6-C907-8F38-4127-DB8D68EF0A41" otype="Table" vid="D88C064A-3EC7-7BEB-8C83-596B86E454EA">
<hideElementsInCurrentOnly>false</hideElementsInCurrentOnly>
<bounds x="161" y="668" width="274" height="181"/>
</OView>
<OView class="oracle.dbtools.crest.swingui.relational.TVTable" oid="E9A2B6FA-1B74-C14A-A279-000B85EC2043" otype="Table" vid="70487947-A38A-552A-6744-A07656BEA3B8">
<hideElementsInCurrentOnly>false</hideElementsInCurrentOnly>
<bounds x="385" y="475" width="251" height="180"/>
</OView>
<OView class="oracle.dbtools.crest.swingui.relational.TVTable" oid="FC68E87C-D0EC-7559-8C02-28774A152D1A" otype="Table" vid="BA2F3D50-4AA7-D052-CE8C-8409B06EDAC6">
<hideElementsInCurrentOnly>false</hideElementsInCurrentOnly>
<bounds x="681" y="399" width="296" height="169"/>
</OView>
<OView class="oracle.dbtools.crest.swingui.relational.TVTable" oid="FF3AA30C-CAF7-5BA7-04F1-C61355119B00" otype="Table" vid="5B7E015C-DBA9-20C0-9575-78027669A77B">
<hideElementsInCurrentOnly>false</hideElementsInCurrentOnly>
<bounds x="390" y="353" width="244" height="108"/>
</OView>
</objectViews>
<connectors>
<Connector class="oracle.dbtools.crest.swingui.relational.TVFKRelation" oid="045D7697-EC32-9594-12F4-18C0C749E4E5" otype="FKIndexAssociation" vid_source="320640CE-B974-5967-795D-F7A0B24DE311" vid_target="7CB272A5-327F-86BA-3F93-A57D4F8B15B7">
<hideElementsInCurrentOnly>false</hideElementsInCurrentOnly>
<backgroundColor>-16777216</backgroundColor>
<lineWidth>1</lineWidth>
<points>
<point x="1213" y="489"/>
<point x="1316" y="401"/>
</points>
</Connector>
<Connector class="oracle.dbtools.crest.swingui.relational.TVFKRelation" oid="2629D57B-1217-A129-716A-D5FEC8435C9B" otype="FKIndexAssociation" vid_source="7CB272A5-327F-86BA-3F93-A57D4F8B15B7" vid_target="39304830-9AAB-AC81-C89B-795DB6044E99">
<hideElementsInCurrentOnly>false</hideElementsInCurrentOnly>
<backgroundColor>-16777216</backgroundColor>
<lineWidth>1</lineWidth>
<points>
<point x="1334" y="261"/>
<point x="1334" y="200"/>
</points>
</Connector>
<Connector class="oracle.dbtools.crest.swingui.relational.TVFKRelation" oid="2DE53B25-0FE9-59D9-FF38-6E296F293CE4" otype="FKIndexAssociation" vid_source="1EC01C8F-9115-E95A-A7CC-9171270B4DD5" vid_target="70487947-A38A-552A-6744-A07656BEA3B8">
<hideElementsInCurrentOnly>false</hideElementsInCurrentOnly>
<backgroundColor>-16777216</backgroundColor>
<lineWidth>1</lineWidth>
<points>
<point x="685" y="635"/>
<point x="636" y="635"/>
</points>
</Connector>
<Connector class="oracle.dbtools.crest.swingui.relational.TVFKRelation" oid="352BD9E6-153C-58D3-0EA7-F8374F51BC33" otype="FKIndexAssociation" vid_source="A6E95D02-B1E2-6793-D4D9-39BD00C458A2" vid_target="39304830-9AAB-AC81-C89B-795DB6044E99">
<hideElementsInCurrentOnly>false</hideElementsInCurrentOnly>
<backgroundColor>-16777216</backgroundColor>
<lineWidth>1</lineWidth>
<points>
<point x="865" y="69"/>
<point x="1058" y="69"/>
</points>
</Connector>
<Connector class="oracle.dbtools.crest.swingui.relational.TVFKRelation" oid="3862208B-8F6C-1AC9-6523-C944C9CC17B1" otype="FKIndexAssociation" vid_source="70487947-A38A-552A-6744-A07656BEA3B8" vid_target="BA2F3D50-4AA7-D052-CE8C-8409B06EDAC6">
<hideElementsInCurrentOnly>false</hideElementsInCurrentOnly>
<backgroundColor>-16777216</backgroundColor>
<lineWidth>1</lineWidth>
<points>
<point x="636" y="521"/>
<point x="681" y="521"/>
</points>
</Connector>
<Connector class="oracle.dbtools.crest.swingui.relational.TVFKRelation" oid="582F6121-2F0F-E10A-7BD6-E67700C9E7ED" otype="FKIndexAssociation" vid_source="A6E95D02-B1E2-6793-D4D9-39BD00C458A2" vid_target="0220EEA2-FBDD-791C-E73D-8F3D1D60F769">
<hideElementsInCurrentOnly>false</hideElementsInCurrentOnly>
<backgroundColor>-16777216</backgroundColor>
<lineWidth>1</lineWidth>
<points>
<point x="759" y="123"/>
<point x="759" y="182"/>
</points>
</Connector>
<Connector class="oracle.dbtools.crest.swingui.relational.TVFKRelation" oid="5B210A16-9352-2774-6864-9933F3FEA0B6" otype="FKIndexAssociation" vid_source="BA2F3D50-4AA7-D052-CE8C-8409B06EDAC6" vid_target="65DCECD3-FC86-139A-9C8B-B09E6DC63EEA">
<hideElementsInCurrentOnly>false</hideElementsInCurrentOnly>
<backgroundColor>-16777216</backgroundColor>
<lineWidth>1</lineWidth>
<points>
<point x="699" y="399"/>
<point x="584" y="324"/>
</points>
</Connector>
<Connector class="oracle.dbtools.crest.swingui.relational.TVFKRelation" oid="78A676F8-9628-9CD5-9561-AEDF7360CF45" otype="FKIndexAssociation" vid_source="0AC426DB-B96E-743D-A39B-ACBD4822D335" vid_target="70487947-A38A-552A-6744-A07656BEA3B8">
<hideElementsInCurrentOnly>false</hideElementsInCurrentOnly>
<backgroundColor>-16777216</backgroundColor>
<lineWidth>1</lineWidth>
<points>
<point x="345" y="544"/>
<point x="385" y="544"/>
</points>
</Connector>
<Connector class="oracle.dbtools.crest.swingui.relational.TVFKRelation" oid="78AF7C4A-CAE7-06D1-0083-CA3BEFC2C09D" otype="FKIndexAssociation" vid_source="E73CC599-3691-CF2B-26C6-98FE9C989DE8" vid_target="39304830-9AAB-AC81-C89B-795DB6044E99">
<hideElementsInCurrentOnly>false</hideElementsInCurrentOnly>
<backgroundColor>-16777216</backgroundColor>
<lineWidth>1</lineWidth>
<points>
<point x="1155" y="253"/>
<point x="1155" y="200"/>
</points>
</Connector>
<Connector class="oracle.dbtools.crest.swingui.relational.TVFKRelation" oid="79EF05C0-24BD-C9ED-4F32-2E35EB983CBC" otype="FKIndexAssociation" vid_source="320640CE-B974-5967-795D-F7A0B24DE311" vid_target="E73CC599-3691-CF2B-26C6-98FE9C989DE8">
<hideElementsInCurrentOnly>false</hideElementsInCurrentOnly>
<backgroundColor>-16777216</backgroundColor>
<lineWidth>1</lineWidth>
<points>
<point x="1145" y="489"/>
<point x="1145" y="363"/>
</points>
</Connector>
<Connector class="oracle.dbtools.crest.swingui.relational.TVFKRelation" oid="79FD4485-94E9-D462-BF57-6D1E2DB52FC7" otype="FKIndexAssociation" vid_source="BA2F3D50-4AA7-D052-CE8C-8409B06EDAC6" vid_target="320640CE-B974-5967-795D-F7A0B24DE311">
<hideElementsInCurrentOnly>false</hideElementsInCurrentOnly>
<backgroundColor>-16777216</backgroundColor>
<lineWidth>1</lineWidth>
<points>
<point x="977" y="528"/>
<point x="1038" y="528"/>
</points>
</Connector>
<Connector class="oracle.dbtools.crest.swingui.relational.TVFKRelation" oid="86568766-D0A9-681D-2006-B22B5BDED17C" otype="FKIndexAssociation" vid_source="0AC426DB-B96E-743D-A39B-ACBD4822D335" vid_target="D88C064A-3EC7-7BEB-8C83-596B86E454EA">
<hideElementsInCurrentOnly>false</hideElementsInCurrentOnly>
<backgroundColor>-16777216</backgroundColor>
<lineWidth>1</lineWidth>
<points>
<point x="253" y="595"/>
<point x="253" y="668"/>
</points>
</Connector>
<Connector class="oracle.dbtools.crest.swingui.relational.TVFKRelation" oid="86BF6A59-89D5-FBE6-606C-2A0B996AEC1C" otype="FKIndexAssociation" vid_source="D1AFFE2B-B42D-1FF4-5214-D997391F802E" vid_target="320640CE-B974-5967-795D-F7A0B24DE311">
<hideElementsInCurrentOnly>false</hideElementsInCurrentOnly>
<backgroundColor>-16777216</backgroundColor>
<lineWidth>1</lineWidth>
<points>
<point x="1316" y="551"/>
<point x="1261" y="551"/>
</points>
</Connector>
<Connector class="oracle.dbtools.crest.swingui.relational.TVFKRelation" oid="A5214782-5015-A70F-CFBD-0BA509F7D213" otype="FKIndexAssociation" vid_source="E99DD39B-3E14-B194-3C08-37DADC5A3347" vid_target="5B7E015C-DBA9-20C0-9575-78027669A77B">
<hideElementsInCurrentOnly>false</hideElementsInCurrentOnly>
<backgroundColor>-16777216</backgroundColor>
<lineWidth>1</lineWidth>
<points>
<point x="317" y="411"/>
<point x="390" y="411"/>
</points>
</Connector>
<Connector class="oracle.dbtools.crest.swingui.relational.TVFKRelation" oid="AA899F73-9EF0-2C77-EEE4-A551650AAF8E" otype="FKIndexAssociation" vid_source="5A7E8935-6601-C371-5209-0AFBAFBECFEE" vid_target="65DCECD3-FC86-139A-9C8B-B09E6DC63EEA">
<hideElementsInCurrentOnly>false</hideElementsInCurrentOnly>
<backgroundColor>-16777216</backgroundColor>
<lineWidth>1</lineWidth>
<points>
<point x="365" y="132"/>
<point x="365" y="174"/>
</points>
</Connector>
<Connector class="oracle.dbtools.crest.swingui.relational.TVFKRelation" oid="BCB0BB85-B3EB-3B64-32CD-2E912441A752" otype="FKIndexAssociation" vid_source="03B7356B-F6D9-E498-25B1-F90DDAB33BDC" vid_target="320640CE-B974-5967-795D-F7A0B24DE311">
<hideElementsInCurrentOnly>false</hideElementsInCurrentOnly>
<backgroundColor>-16777216</backgroundColor>
<lineWidth>1</lineWidth>
<points>
<point x="1108" y="669"/>
<point x="1108" y="600"/>
</points>
</Connector>
<Connector class="oracle.dbtools.crest.swingui.relational.TVFKRelation" oid="C18F2D14-F7B7-9181-67BC-7C6449D2A672" otype="FKIndexAssociation" vid_source="ED9261B9-9D38-838B-7DEA-39D1EED935C3" vid_target="320640CE-B974-5967-795D-F7A0B24DE311">
<hideElementsInCurrentOnly>false</hideElementsInCurrentOnly>
<backgroundColor>-16777216</backgroundColor>
<lineWidth>1</lineWidth>
<points>
<point x="1238" y="680"/>
<point x="1238" y="600"/>
</points>
</Connector>
<Connector class="oracle.dbtools.crest.swingui.relational.TVFKRelation" oid="C43B8517-9999-3083-1688-E1BAFE1DCA47" otype="FKIndexAssociation" vid_source="66A42108-8A7B-C63C-B30C-25DB562D3299" vid_target="D88C064A-3EC7-7BEB-8C83-596B86E454EA">
<hideElementsInCurrentOnly>false</hideElementsInCurrentOnly>
<backgroundColor>-16777216</backgroundColor>
<lineWidth>1</lineWidth>
<points>
<point x="485" y="759"/>
<point x="435" y="759"/>
</points>
</Connector>
<Connector class="oracle.dbtools.crest.swingui.relational.TVFKRelation" oid="C4FFD4A5-A217-DF9E-0F34-5CA12F3C158B" otype="FKIndexAssociation" vid_source="BA2F3D50-4AA7-D052-CE8C-8409B06EDAC6" vid_target="0220EEA2-FBDD-791C-E73D-8F3D1D60F769">
<hideElementsInCurrentOnly>false</hideElementsInCurrentOnly>
<backgroundColor>-16777216</backgroundColor>
<lineWidth>1</lineWidth>
<points>
<point x="805" y="399"/>
<point x="805" y="337"/>
</points>
</Connector>
<Connector class="oracle.dbtools.crest.swingui.relational.TVFKRelation" oid="C950D530-9FF2-C657-91EE-48A852423C0C" otype="FKIndexAssociation" vid_source="5B7E015C-DBA9-20C0-9575-78027669A77B" vid_target="BA2F3D50-4AA7-D052-CE8C-8409B06EDAC6">
<hideElementsInCurrentOnly>false</hideElementsInCurrentOnly>
<backgroundColor>-16777216</backgroundColor>
<lineWidth>1</lineWidth>
<points>
<point x="634" y="430"/>
<point x="681" y="430"/>
</points>
</Connector>
</connectors>
</Diagram>