<?xml version = '1.0' encoding = 'UTF-8'?>
<Relation class="oracle.dbtools.crest.model.design.logical.Relation" name="Relation_52" directorySegmentName="seg_0" id="0E7BE639-EA46-75A6-B35B-9F735BD8537F">
<createdBy>57313</createdBy>
<createdTime>2023-10-01 05:36:04 UTC</createdTime>
<ownerDesignName>modelohotel</ownerDesignName>
<engineerTo>
<item key="38C1456F-0494-169C-8218-E87D6F482850" value="true"/>
<item key="EEF6EADE-8AE9-2943-21AB-C71FA040068E" value="true"/>
</engineerTo>
<sourcePk>C252F757-6898-90E2-1B86-AA30729077B1</sourcePk>
<identifying>false</identifying>
<optionalSource>true</optionalSource>
<optionalTarget>false</optionalTarget>
<sourceCardinality>1</sourceCardinality>
<sourceEntity>F5C46F76-05DE-9C6B-7418-43576DA99149</sourceEntity>
<targetCardinalityString>1</targetCardinalityString>
<targetEntity>6A5E5D61-0046-3FDC-42F4-98B8B9ED19A5</targetEntity>
<transferable>true</transferable>
<deleteRule>NO ACTION</deleteRule>
</Relation>