<?xml version = '1.0' encoding = 'UTF-8'?>
<Relation class="oracle.dbtools.crest.model.design.logical.Relation" name="Relation_20" directorySegmentName="seg_0" id="0F8C4DA8-99D0-4199-204A-6E0AB6BEE97D">
<createdBy>57313</createdBy>
<createdTime>2023-10-01 06:24:42 UTC</createdTime>
<ownerDesignName>modelohotel</ownerDesignName>
<importedID>51FAD08A-0DE8-A5FD-0DE3-F13EFD50055D</importedID>
<engineerTo>
<item key="38C1456F-0494-169C-8218-E87D6F482850" value="true"/>
<item key="EEF6EADE-8AE9-2943-21AB-C71FA040068E" value="true"/>
</engineerTo>
<sourcePk>8C042767-A56C-46FB-003A-6597CD329898</sourcePk>
<identifying>false</identifying>
<optionalSource>true</optionalSource>
<optionalTarget>false</optionalTarget>
<sourceCardinality>1</sourceCardinality>
<sourceEntity>70D6C864-AA9E-88EF-CDDF-6B2C079921B6</sourceEntity>
<targetCardinalityString>*</targetCardinalityString>
<targetEntity>CC0B3796-DBD9-FAA4-F773-21E7E4B7EC76</targetEntity>
<transferable>true</transferable>
<deleteRule>NO ACTION</deleteRule>
</Relation>