<?xml version = '1.0' encoding = 'UTF-8'?>
<Relation class="oracle.dbtools.crest.model.design.logical.Relation" name="Relation_53" directorySegmentName="seg_0" id="20450115-78A1-7BAD-46D1-7300A192DFA2">
<createdBy>57313</createdBy>
<createdTime>2023-10-01 05:36:09 UTC</createdTime>
<ownerDesignName>modelohotel</ownerDesignName>
<engineerTo>
<item key="38C1456F-0494-169C-8218-E87D6F482850" value="true"/>
<item key="EEF6EADE-8AE9-2943-21AB-C71FA040068E" value="true"/>
</engineerTo>
<sourcePk>C252F757-6898-90E2-1B86-AA30729077B1</sourcePk>
<identifying>false</identifying>
<optionalSource>true</optionalSource>
<optionalTarget>false</optionalTarget>
<sourceCardinality>1</sourceCardinality>
<sourceEntity>F5C46F76-05DE-9C6B-7418-43576DA99149</sourceEntity>
<targetCardinalityString>1</targetCardinalityString>
<targetEntity>99B85ADB-10DD-5137-0D2F-AD27207F0614</targetEntity>
<transferable>true</transferable>
<deleteRule>NO ACTION</deleteRule>
</Relation>