<?xml version = '1.0' encoding = 'UTF-8'?>
<Relation class="oracle.dbtools.crest.model.design.logical.Relation" name="Habitaciones" directorySegmentName="seg_0" id="2BD40878-3E41-07CA-D3C4-2A7662B949AD">
<createdBy>57313</createdBy>
<createdTime>2023-10-01 06:24:42 UTC</createdTime>
<ownerDesignName>modelohotel</ownerDesignName>
<importedID>B56FB8B7-3850-619B-941C-88F21115898F</importedID>
<engineerTo>
<item key="38C1456F-0494-169C-8218-E87D6F482850" value="true"/>
<item key="EEF6EADE-8AE9-2943-21AB-C71FA040068E" value="true"/>
</engineerTo>
<sourcePk>8C042767-A56C-46FB-003A-6597CD329898</sourcePk>
<identifying>false</identifying>
<optionalSource>true</optionalSource>
<optionalTarget>false</optionalTarget>
<sourceCardinality>1</sourceCardinality>
<sourceEntity>70D6C864-AA9E-88EF-CDDF-6B2C079921B6</sourceEntity>
<targetCardinalityString>*</targetCardinalityString>
<targetEntity>1F79EE9E-1402-B24C-D1C3-FC119519E16C</targetEntity>
<transferable>true</transferable>
<deleteRule>NO ACTION</deleteRule>
</Relation>