<?xml version = '1.0' encoding = 'UTF-8'?>
<Relation class="oracle.dbtools.crest.model.design.logical.Relation" name="Relation_45" directorySegmentName="seg_0" id="515B755E-9C22-0374-898D-C11AE9F0C606">
<createdBy>57313</createdBy>
<createdTime>2023-10-01 05:32:07 UTC</createdTime>
<ownerDesignName>modelohotel</ownerDesignName>
<engineerTo>
<item key="38C1456F-0494-169C-8218-E87D6F482850" value="true"/>
<item key="EEF6EADE-8AE9-2943-21AB-C71FA040068E" value="true"/>
</engineerTo>
<sourcePk>49A8026A-9A5E-52E3-5AD5-8A89B7433D00</sourcePk>
<identifying>false</identifying>
<optionalSource>true</optionalSource>
<optionalTarget>false</optionalTarget>
<sourceCardinality>1</sourceCardinality>
<sourceEntity>CC0B3796-DBD9-FAA4-F773-21E7E4B7EC76</sourceEntity>
<targetCardinalityString>*</targetCardinalityString>
<targetEntity>E37919DD-0A96-CCD3-3931-975BCD80156C</targetEntity>
<transferable>true</transferable>
<deleteRule>NO ACTION</deleteRule>
</Relation>