<?xml version = '1.0' encoding = 'UTF-8'?>
<Relation class="oracle.dbtools.crest.model.design.logical.Relation" name="ProductosBar" directorySegmentName="seg_0" id="6247CA13-6C10-B27B-6AA3-B78BE9F9D35A">
<createdBy>57313</createdBy>
<createdTime>2023-10-01 06:24:42 UTC</createdTime>
<ownerDesignName>modelohotel</ownerDesignName>
<importedID>F2926831-0B95-18AF-3827-4B968C0C85DD</importedID>
<engineerTo>
<item key="38C1456F-0494-169C-8218-E87D6F482850" value="true"/>
<item key="EEF6EADE-8AE9-2943-21AB-C71FA040068E" value="true"/>
</engineerTo>
<sourcePk>226E7F41-85A4-82B0-840C-B425924F5CCF</sourcePk>
<identifying>true</identifying>
<optionalSource>true</optionalSource>
<optionalTarget>false</optionalTarget>
<sourceCardinality>1</sourceCardinality>
<sourceEntity>F9A18DDB-A7AE-BDCF-094A-89EEA11CD237</sourceEntity>
<targetCardinalityString>*</targetCardinalityString>
<targetEntity>E37919DD-0A96-CCD3-3931-975BCD80156C</targetEntity>
<transferable>true</transferable>
<deleteRule>NO ACTION</deleteRule>
</Relation>