<?xml version = '1.0' encoding = 'UTF-8'?>
<Relation class="oracle.dbtools.crest.model.design.logical.Relation" name="Piscinas" directorySegmentName="seg_0" id="65B7F249-6563-AC35-8EBA-879C3CD89AB1">
<createdBy>57313</createdBy>
<createdTime>2023-10-01 06:24:42 UTC</createdTime>
<ownerDesignName>modelohotel</ownerDesignName>
<importedID>82521D23-6D2B-1A45-D1C9-F4C0F7400994</importedID>
<engineerTo>
<item key="38C1456F-0494-169C-8218-E87D6F482850" value="true"/>
<item key="EEF6EADE-8AE9-2943-21AB-C71FA040068E" value="true"/>
</engineerTo>
<sourcePk>8C042767-A56C-46FB-003A-6597CD329898</sourcePk>
<identifying>false</identifying>
<optionalSource>true</optionalSource>
<optionalTarget>false</optionalTarget>
<sourceCardinality>1</sourceCardinality>
<sourceEntity>70D6C864-AA9E-88EF-CDDF-6B2C079921B6</sourceEntity>
<targetCardinalityString>*</targetCardinalityString>
<targetEntity>79FF7F17-E4DF-3230-A3EB-71BF70657C58</targetEntity>
<transferable>true</transferable>
<deleteRule>NO ACTION</deleteRule>
</Relation>