<?xml version = '1.0' encoding = 'UTF-8'?>
<Relation class="oracle.dbtools.crest.model.design.logical.Relation" name="Relation_46" directorySegmentName="seg_0" id="6BAAF401-87B6-F28F-8982-FF95BAF94B51">
<createdBy>57313</createdBy>
<createdTime>2023-10-01 05:32:15 UTC</createdTime>
<ownerDesignName>modelohotel</ownerDesignName>
<engineerTo>
<item key="38C1456F-0494-169C-8218-E87D6F482850" value="true"/>
<item key="EEF6EADE-8AE9-2943-21AB-C71FA040068E" value="true"/>
</engineerTo>
<identifying>false</identifying>
<optionalSource>true</optionalSource>
<optionalTarget>false</optionalTarget>
<sourceCardinality>1</sourceCardinality>
<sourceEntity>6A5E5D61-0046-3FDC-42F4-98B8B9ED19A5</sourceEntity>
<targetCardinalityString>*</targetCardinalityString>
<targetEntity>E37919DD-0A96-CCD3-3931-975BCD80156C</targetEntity>
<transferable>true</transferable>
<deleteRule>NO ACTION</deleteRule>
</Relation>