<?xml version = '1.0' encoding = 'UTF-8'?>
<Relation class="oracle.dbtools.crest.model.design.logical.Relation" name="HabiacionPrestamoUtensilios" directorySegmentName="seg_0" id="6BE7B520-5E92-8FEE-6DB5-842E595F47FF">
<createdBy>57313</createdBy>
<createdTime>2023-10-01 06:24:42 UTC</createdTime>
<ownerDesignName>modelohotel</ownerDesignName>
<importedID>17795238-8E40-F8A6-9F55-2A9AC6D95C4F</importedID>
<engineerTo>
<item key="38C1456F-0494-169C-8218-E87D6F482850" value="true"/>
<item key="EEF6EADE-8AE9-2943-21AB-C71FA040068E" value="true"/>
</engineerTo>
<sourcePk>7AC03F7A-4D1D-1234-7BD2-184C971EA3BD</sourcePk>
<identifying>false</identifying>
<optionalSource>true</optionalSource>
<optionalTarget>false</optionalTarget>
<sourceCardinality>1</sourceCardinality>
<sourceEntity>1F79EE9E-1402-B24C-D1C3-FC119519E16C</sourceEntity>
<targetCardinalityString>*</targetCardinalityString>
<targetEntity>5335F60E-AD4D-5565-96CB-9EE616D80A2F</targetEntity>
<transferable>true</transferable>
<deleteRule>NO ACTION</deleteRule>
</Relation>