<?xml version = '1.0' encoding = 'UTF-8'?>
<Relation class="oracle.dbtools.crest.model.design.logical.Relation" name="ConsumoProducto" directorySegmentName="seg_0" id="6CA61668-E17A-5CC0-C1C9-EBCF5A951E20">
<createdBy>57313</createdBy>
<createdTime>2023-10-01 06:24:42 UTC</createdTime>
<ownerDesignName>modelohotel</ownerDesignName>
<importedID>D99E1EA3-D284-7F5B-F6D6-C2D4897CC541</importedID>
<engineerTo>
<item key="38C1456F-0494-169C-8218-E87D6F482850" value="true"/>
<item key="EEF6EADE-8AE9-2943-21AB-C71FA040068E" value="true"/>
</engineerTo>
<identifying>false</identifying>
<optionalSource>true</optionalSource>
<optionalTarget>false</optionalTarget>
<sourceCardinality>*</sourceCardinality>
<sourceEntity>6BA9A6AF-8710-8023-B258-EDDFE07D9609</sourceEntity>
<targetCardinalityString>*</targetCardinalityString>
<targetEntity>E37919DD-0A96-CCD3-3931-975BCD80156C</targetEntity>
<transferable>true</transferable>
<deleteRule>NO ACTION</deleteRule>
</Relation>