<?xml version = '1.0' encoding = 'UTF-8'?>
<Relation class="oracle.dbtools.crest.model.design.logical.Relation" name="HabitacionConsumos" directorySegmentName="seg_0" id="6D42EC3B-B2EA-FBDB-A15B-38A1800263B1">
<createdBy>57313</createdBy>
<createdTime>2023-10-01 06:24:42 UTC</createdTime>
<ownerDesignName>modelohotel</ownerDesignName>
<importedID>DFF392A6-2C65-A217-96C1-8DEE3E9FF3E3</importedID>
<engineerTo>
<item key="38C1456F-0494-169C-8218-E87D6F482850" value="true"/>
<item key="EEF6EADE-8AE9-2943-21AB-C71FA040068E" value="true"/>
</engineerTo>
<sourcePk>7AC03F7A-4D1D-1234-7BD2-184C971EA3BD</sourcePk>
<identifying>true</identifying>
<optionalSource>true</optionalSource>
<optionalTarget>false</optionalTarget>
<sourceCardinality>1</sourceCardinality>
<sourceEntity>1F79EE9E-1402-B24C-D1C3-FC119519E16C</sourceEntity>
<targetCardinalityString>*</targetCardinalityString>
<targetEntity>6BA9A6AF-8710-8023-B258-EDDFE07D9609</targetEntity>
<transferable>true</transferable>
<deleteRule>NO ACTION</deleteRule>
</Relation>