<?xml version = '1.0' encoding = 'UTF-8'?>
<Relation class="oracle.dbtools.crest.model.design.logical.Relation" name="ReservasSalones" directorySegmentName="seg_0" id="6D5F4BBB-5BAE-00F2-0C40-F0D4F3395580">
<createdBy>57313</createdBy>
<createdTime>2023-10-01 06:24:42 UTC</createdTime>
<ownerDesignName>modelohotel</ownerDesignName>
<importedID>8FA0299E-1090-2827-1B90-D970F61A5323</importedID>
<engineerTo>
<item key="38C1456F-0494-169C-8218-E87D6F482850" value="true"/>
<item key="EEF6EADE-8AE9-2943-21AB-C71FA040068E" value="true"/>
</engineerTo>
<sourcePk>E5199267-926E-BFCF-FCAC-076B6A61F996</sourcePk>
<identifying>false</identifying>
<optionalSource>true</optionalSource>
<optionalTarget>false</optionalTarget>
<sourceCardinality>1</sourceCardinality>
<sourceEntity>938DC810-1B9B-46D1-F374-9B0B9983C6EC</sourceEntity>
<targetCardinalityString>*</targetCardinalityString>
<targetEntity>5D37CBC5-6F12-EDA1-5AF6-0CDF525ED2E6</targetEntity>
<transferable>true</transferable>
<deleteRule>NO ACTION</deleteRule>
</Relation>