<?xml version = '1.0' encoding = 'UTF-8'?>
<Relation class="oracle.dbtools.crest.model.design.logical.Relation" name="UtelensiliosPrestados" directorySegmentName="seg_0" id="6D7F17D2-5CAD-69E7-624A-40A8294EF9D0">
<createdBy>57313</createdBy>
<createdTime>2023-10-01 06:24:42 UTC</createdTime>
<ownerDesignName>modelohotel</ownerDesignName>
<importedID>3ECF6F50-4BC0-3974-F3B0-8169A2E44028</importedID>
<engineerTo>
<item key="38C1456F-0494-169C-8218-E87D6F482850" value="true"/>
<item key="EEF6EADE-8AE9-2943-21AB-C71FA040068E" value="true"/>
</engineerTo>
<identifying>false</identifying>
<optionalSource>true</optionalSource>
<optionalTarget>false</optionalTarget>
<sourceCardinality>*</sourceCardinality>
<sourceEntity>5335F60E-AD4D-5565-96CB-9EE616D80A2F</sourceEntity>
<targetCardinalityString>*</targetCardinalityString>
<targetEntity>689CF9A5-5FAB-2A8B-21E9-A8FF1903EE24</targetEntity>
<transferable>true</transferable>
<deleteRule>NO ACTION</deleteRule>
</Relation>