<?xml version = '1.0' encoding = 'UTF-8'?>
<Relation class="oracle.dbtools.crest.model.design.logical.Relation" name="Relation_38" directorySegmentName="seg_0" id="8501A0DF-C4C3-1075-524C-8252227662BA">
<createdBy>57313</createdBy>
<createdTime>2023-10-01 05:21:29 UTC</createdTime>
<ownerDesignName>modelohotel</ownerDesignName>
<engineerTo>
<item key="38C1456F-0494-169C-8218-E87D6F482850" value="true"/>
<item key="EEF6EADE-8AE9-2943-21AB-C71FA040068E" value="true"/>
</engineerTo>
<sourcePk>49A8026A-9A5E-52E3-5AD5-8A89B7433D00</sourcePk>
<identifying>true</identifying>
<optionalSource>true</optionalSource>
<optionalTarget>false</optionalTarget>
<sourceCardinality>1</sourceCardinality>
<sourceEntity>CC0B3796-DBD9-FAA4-F773-21E7E4B7EC76</sourceEntity>
<targetCardinalityString>*</targetCardinalityString>
<targetEntity>B77A5001-7A44-0032-16D3-5956D14C2880</targetEntity>
<transferable>true</transferable>
<deleteRule>NO ACTION</deleteRule>
</Relation>