<?xml version = '1.0' encoding = 'UTF-8'?>
<Relation class="oracle.dbtools.crest.model.design.logical.Relation" name="cliente" directorySegmentName="seg_0" id="9D117215-0A7E-70A1-CA6A-2BD6B13785A2">
<createdBy>57313</createdBy>
<createdTime>2023-10-01 04:59:05 UTC</createdTime>
<ownerDesignName>modelohotel</ownerDesignName>
<engineerTo>
<item key="38C1456F-0494-169C-8218-E87D6F482850" value="true"/>
<item key="EEF6EADE-8AE9-2943-21AB-C71FA040068E" value="true"/>
</engineerTo>
<sourcePk>55FF6B49-2466-B0F3-2BBE-EDEB780E104C</sourcePk>
<identifying>false</identifying>
<optionalSource>true</optionalSource>
<optionalTarget>false</optionalTarget>
<sourceCardinality>1</sourceCardinality>
<sourceEntity>30D1D1F9-214A-654F-A80E-5AC07109EDB5</sourceEntity>
<targetCardinalityString>1</targetCardinalityString>
<targetEntity>D3595618-8309-B059-4943-AD7109BE4266</targetEntity>
<transferable>true</transferable>
<deleteRule>NO ACTION</deleteRule>
</Relation>