<?xml version = '1.0' encoding = 'UTF-8'?>
<Relation class="oracle.dbtools.crest.model.design.logical.Relation" name="Relation_39" directorySegmentName="seg_0" id="9DB15BAC-A7B9-DE33-567F-00F3303B1D29">
<createdBy>57313</createdBy>
<createdTime>2023-10-01 05:21:37 UTC</createdTime>
<ownerDesignName>modelohotel</ownerDesignName>
<engineerTo>
<item key="38C1456F-0494-169C-8218-E87D6F482850" value="true"/>
<item key="EEF6EADE-8AE9-2943-21AB-C71FA040068E" value="true"/>
</engineerTo>
<sourcePk>0C19614D-3FFF-D7E7-A5CA-7D99E6DF65F0</sourcePk>
<identifying>true</identifying>
<optionalSource>true</optionalSource>
<optionalTarget>false</optionalTarget>
<sourceCardinality>1</sourceCardinality>
<sourceEntity>FA400B52-5565-F6AE-A331-CB3F45540178</sourceEntity>
<targetCardinalityString>*</targetCardinalityString>
<targetEntity>B77A5001-7A44-0032-16D3-5956D14C2880</targetEntity>
<transferable>true</transferable>
<deleteRule>NO ACTION</deleteRule>
</Relation>