<?xml version = '1.0' encoding = 'UTF-8'?>
<Relation class="oracle.dbtools.crest.model.design.logical.Relation" name="Productos" directorySegmentName="seg_0" id="A33E1A5F-E66B-50D9-9169-B3A7914B1CC2">
<createdBy>57313</createdBy>
<createdTime>2023-10-01 06:24:42 UTC</createdTime>
<ownerDesignName>modelohotel</ownerDesignName>
<importedID>E7D97838-CBD3-97D0-4217-69E74957EADD</importedID>
<engineerTo>
<item key="38C1456F-0494-169C-8218-E87D6F482850" value="true"/>
<item key="EEF6EADE-8AE9-2943-21AB-C71FA040068E" value="true"/>
</engineerTo>
<sourcePk>226E7F41-85A4-82B0-840C-B425924F5CCF</sourcePk>
<identifying>false</identifying>
<optionalSource>true</optionalSource>
<optionalTarget>false</optionalTarget>
<sourceCardinality>1</sourceCardinality>
<sourceEntity>F9A18DDB-A7AE-BDCF-094A-89EEA11CD237</sourceEntity>
<targetCardinalityString>*</targetCardinalityString>
<targetEntity>6BA9A6AF-8710-8023-B258-EDDFE07D9609</targetEntity>
<transferable>true</transferable>
<deleteRule>NO ACTION</deleteRule>
</Relation>