<?xml version = '1.0' encoding = 'UTF-8'?>
<Relation class="oracle.dbtools.crest.model.design.logical.Relation" name="Reservas" directorySegmentName="seg_0" id="A39EA7BF-1098-72F2-BBE0-9577CD7DDC65">
<createdBy>57313</createdBy>
<createdTime>2023-10-01 06:24:42 UTC</createdTime>
<ownerDesignName>modelohotel</ownerDesignName>
<importedID>E01AE583-EAC5-AE4F-7888-90D614207FD5</importedID>
<engineerTo>
<item key="38C1456F-0494-169C-8218-E87D6F482850" value="true"/>
<item key="EEF6EADE-8AE9-2943-21AB-C71FA040068E" value="true"/>
</engineerTo>
<sourcePk>55FF6B49-2466-B0F3-2BBE-EDEB780E104C</sourcePk>
<identifying>true</identifying>
<optionalSource>true</optionalSource>
<optionalTarget>false</optionalTarget>
<sourceCardinality>1</sourceCardinality>
<sourceEntity>30D1D1F9-214A-654F-A80E-5AC07109EDB5</sourceEntity>
<targetCardinalityString>*</targetCardinalityString>
<targetEntity>D3595618-8309-B059-4943-AD7109BE4266</targetEntity>
<transferable>true</transferable>
<deleteRule>NO ACTION</deleteRule>
</Relation>