<?xml version = '1.0' encoding = 'UTF-8'?>
<Relation class="oracle.dbtools.crest.model.design.logical.Relation" name="Bares" directorySegmentName="seg_0" id="A6822A0A-2435-65F4-40A6-4D9C0EA38614">
<createdBy>57313</createdBy>
<createdTime>2023-10-01 06:24:42 UTC</createdTime>
<ownerDesignName>modelohotel</ownerDesignName>
<importedID>03A7DB9D-1D4B-BD52-B43D-D9E6A2813139</importedID>
<engineerTo>
<item key="38C1456F-0494-169C-8218-E87D6F482850" value="true"/>
<item key="EEF6EADE-8AE9-2943-21AB-C71FA040068E" value="true"/>
</engineerTo>
<sourcePk>8C042767-A56C-46FB-003A-6597CD329898</sourcePk>
<identifying>true</identifying>
<optionalSource>true</optionalSource>
<optionalTarget>false</optionalTarget>
<sourceCardinality>1</sourceCardinality>
<sourceEntity>70D6C864-AA9E-88EF-CDDF-6B2C079921B6</sourceEntity>
<targetCardinalityString>*</targetCardinalityString>
<targetEntity>F9A18DDB-A7AE-BDCF-094A-89EEA11CD237</targetEntity>
<transferable>true</transferable>
<deleteRule>NO ACTION</deleteRule>
</Relation>