<?xml version = '1.0' encoding = 'UTF-8'?>
<Relation class="oracle.dbtools.crest.model.design.logical.Relation" name="Relation_47" directorySegmentName="seg_0" id="A86C177B-62D6-DFE6-9F5D-1D353F8C24A6">
<createdBy>57313</createdBy>
<createdTime>2023-10-01 05:32:19 UTC</createdTime>
<ownerDesignName>modelohotel</ownerDesignName>
<engineerTo>
<item key="38C1456F-0494-169C-8218-E87D6F482850" value="true"/>
<item key="EEF6EADE-8AE9-2943-21AB-C71FA040068E" value="true"/>
</engineerTo>
<identifying>false</identifying>
<optionalSource>true</optionalSource>
<optionalTarget>false</optionalTarget>
<sourceCardinality>1</sourceCardinality>
<sourceEntity>99B85ADB-10DD-5137-0D2F-AD27207F0614</sourceEntity>
<targetCardinalityString>*</targetCardinalityString>
<targetEntity>E37919DD-0A96-CCD3-3931-975BCD80156C</targetEntity>
<transferable>true</transferable>
<deleteRule>NO ACTION</deleteRule>
</Relation>