<?xml version = '1.0' encoding = 'UTF-8'?>
<Relation class="oracle.dbtools.crest.model.design.logical.Relation" name="Relation_35" directorySegmentName="seg_0" id="B95C2345-10A6-BC51-0049-63676B4B8D49">
<createdBy>57313</createdBy>
<createdTime>2023-10-01 05:05:41 UTC</createdTime>
<ownerDesignName>modelohotel</ownerDesignName>
<engineerTo>
<item key="38C1456F-0494-169C-8218-E87D6F482850" value="true"/>
<item key="EEF6EADE-8AE9-2943-21AB-C71FA040068E" value="true"/>
</engineerTo>
<sourcePk>908A27D6-FF40-0B46-29DB-3BA7BBDE1ED0</sourcePk>
<identifying>false</identifying>
<optionalSource>true</optionalSource>
<optionalTarget>false</optionalTarget>
<sourceCardinality>1</sourceCardinality>
<sourceEntity>D3595618-8309-B059-4943-AD7109BE4266</sourceEntity>
<targetCardinalityString>1</targetCardinalityString>
<targetEntity>FA400B52-5565-F6AE-A331-CB3F45540178</targetEntity>
<transferable>true</transferable>
<deleteRule>NO ACTION</deleteRule>
</Relation>