<?xml version = '1.0' encoding = 'UTF-8'?>
<Relation class="oracle.dbtools.crest.model.design.logical.Relation" name="HabitacionReserva" directorySegmentName="seg_0" id="BD6A54DC-52CB-C847-36AD-59500B2F7321">
<createdBy>57313</createdBy>
<createdTime>2023-10-01 06:24:42 UTC</createdTime>
<ownerDesignName>modelohotel</ownerDesignName>
<importedID>5A919518-7AF1-6F91-4325-6AD35F2856D0</importedID>
<engineerTo>
<item key="38C1456F-0494-169C-8218-E87D6F482850" value="true"/>
<item key="EEF6EADE-8AE9-2943-21AB-C71FA040068E" value="true"/>
</engineerTo>
<sourcePk>7AC03F7A-4D1D-1234-7BD2-184C971EA3BD</sourcePk>
<identifying>false</identifying>
<optionalSource>true</optionalSource>
<optionalTarget>false</optionalTarget>
<sourceCardinality>1</sourceCardinality>
<sourceEntity>1F79EE9E-1402-B24C-D1C3-FC119519E16C</sourceEntity>
<targetCardinalityString>*</targetCardinalityString>
<targetEntity>D3595618-8309-B059-4943-AD7109BE4266</targetEntity>
<transferable>true</transferable>
<deleteRule>NO ACTION</deleteRule>
</Relation>