<?xml version = '1.0' encoding = 'UTF-8'?>
<Relation class="oracle.dbtools.crest.model.design.logical.Relation" name="Relation_36" directorySegmentName="seg_0" id="C3F01E92-3E76-C69C-48AA-6DF1124E380F">
<createdBy>57313</createdBy>
<createdTime>2023-10-01 05:17:12 UTC</createdTime>
<ownerDesignName>modelohotel</ownerDesignName>
<engineerTo>
<item key="38C1456F-0494-169C-8218-E87D6F482850" value="true"/>
<item key="EEF6EADE-8AE9-2943-21AB-C71FA040068E" value="true"/>
</engineerTo>
<sourcePk>4F9D6C7B-A230-1C7A-0039-93987904099C</sourcePk>
<identifying>false</identifying>
<optionalSource>true</optionalSource>
<optionalTarget>false</optionalTarget>
<sourceCardinality>1</sourceCardinality>
<sourceEntity>2B29A20A-CFA6-14F9-CBB7-FF7B4445191B</sourceEntity>
<targetCardinalityString>*</targetCardinalityString>
<targetEntity>5D37CBC5-6F12-EDA1-5AF6-0CDF525ED2E6</targetEntity>
<transferable>true</transferable>
<deleteRule>NO ACTION</deleteRule>
</Relation>