<?xml version = '1.0' encoding = 'UTF-8'?>
<Relation class="oracle.dbtools.crest.model.design.logical.Relation" name="tipo" directorySegmentName="seg_0" id="C67A8EDB-E098-7F97-E4FD-5DCB6C8B23EF">
<createdBy>57313</createdBy>
<createdTime>2023-10-01 05:02:11 UTC</createdTime>
<ownerDesignName>modelohotel</ownerDesignName>
<engineerTo>
<item key="38C1456F-0494-169C-8218-E87D6F482850" value="true"/>
<item key="EEF6EADE-8AE9-2943-21AB-C71FA040068E" value="true"/>
</engineerTo>
<sourcePk>2F3BA242-CE7A-6F10-B3B3-5238F2C7469C</sourcePk>
<identifying>false</identifying>
<optionalSource>true</optionalSource>
<optionalTarget>false</optionalTarget>
<sourceCardinality>1</sourceCardinality>
<sourceEntity>B63BEDD4-9276-E2B4-0506-5132E4A3C759</sourceEntity>
<targetCardinalityString>*</targetCardinalityString>
<targetEntity>1F79EE9E-1402-B24C-D1C3-FC119519E16C</targetEntity>
<transferable>true</transferable>
<deleteRule>NO ACTION</deleteRule>
</Relation>