<?xml version = '1.0' encoding = 'UTF-8'?>
<Relation class="oracle.dbtools.crest.model.design.logical.Relation" name="Relation_57" directorySegmentName="seg_0" id="C84798FE-D95B-03A2-8CBC-38D87730D9B5">
<createdBy>57313</createdBy>
<createdTime>2023-10-01 05:37:06 UTC</createdTime>
<ownerDesignName>modelohotel</ownerDesignName>
<engineerTo>
<item key="38C1456F-0494-169C-8218-E87D6F482850" value="true"/>
<item key="EEF6EADE-8AE9-2943-21AB-C71FA040068E" value="true"/>
</engineerTo>
<sourcePk>86A5B4BD-F475-F650-7071-E66201F49F95</sourcePk>
<identifying>false</identifying>
<optionalSource>true</optionalSource>
<optionalTarget>false</optionalTarget>
<sourceCardinality>1</sourceCardinality>
<sourceEntity>41821E9B-35AC-134C-4B87-4613D447788D</sourceEntity>
<targetCardinalityString>1</targetCardinalityString>
<targetEntity>F5C46F76-05DE-9C6B-7418-43576DA99149</targetEntity>
<transferable>true</transferable>
<deleteRule>NO ACTION</deleteRule>
</Relation>