<?xml version = '1.0' encoding = 'UTF-8'?>
<Relation class="oracle.dbtools.crest.model.design.logical.Relation" name="InternetHotel" directorySegmentName="seg_0" id="C8A35FD5-BA94-829B-FA5C-1C7A80A28C93">
<createdBy>57313</createdBy>
<createdTime>2023-10-01 06:24:42 UTC</createdTime>
<ownerDesignName>modelohotel</ownerDesignName>
<importedID>43929173-1699-B898-2B54-F849F10047EB</importedID>
<engineerTo>
<item key="38C1456F-0494-169C-8218-E87D6F482850" value="true"/>
<item key="EEF6EADE-8AE9-2943-21AB-C71FA040068E" value="true"/>
</engineerTo>
<sourcePk>8C042767-A56C-46FB-003A-6597CD329898</sourcePk>
<identifying>false</identifying>
<optionalSource>true</optionalSource>
<optionalTarget>false</optionalTarget>
<sourceCardinality>1</sourceCardinality>
<sourceEntity>70D6C864-AA9E-88EF-CDDF-6B2C079921B6</sourceEntity>
<targetCardinalityString>1</targetCardinalityString>
<targetEntity>286E4263-0DDC-F932-6977-92D590234928</targetEntity>
<transferable>true</transferable>
<deleteRule>NO ACTION</deleteRule>
</Relation>