<?xml version = '1.0' encoding = 'UTF-8'?>
<Relation class="oracle.dbtools.crest.model.design.logical.Relation" name="tipoU" directorySegmentName="seg_0" id="CA4F6938-CF7A-0C6B-B5BD-D8F28E73D98F">
<createdBy>57313</createdBy>
<createdTime>2023-10-01 04:47:06 UTC</createdTime>
<ownerDesignName>modelohotel</ownerDesignName>
<engineerTo>
<item key="38C1456F-0494-169C-8218-E87D6F482850" value="true"/>
<item key="EEF6EADE-8AE9-2943-21AB-C71FA040068E" value="true"/>
</engineerTo>
<sourcePk>9AE5FC93-5F96-9EF3-940F-C7F2BF55A5EB</sourcePk>
<identifying>false</identifying>
<optionalSource>true</optionalSource>
<optionalTarget>false</optionalTarget>
<sourceCardinality>1</sourceCardinality>
<sourceEntity>D0855BEB-8DF6-5051-B122-71277B04DFB6</sourceEntity>
<targetCardinalityString>*</targetCardinalityString>
<targetEntity>B16AA718-6357-57C5-95DE-4DE347B370F8</targetEntity>
<transferable>true</transferable>
<deleteRule>NO ACTION</deleteRule>
</Relation>