<?xml version = '1.0' encoding = 'UTF-8'?>
<Relation class="oracle.dbtools.crest.model.design.logical.Relation" name="plan" directorySegmentName="seg_0" id="D095800E-06DA-13F6-225D-67AEC5A74E5D">
<createdBy>57313</createdBy>
<createdTime>2023-10-01 04:58:42 UTC</createdTime>
<ownerDesignName>modelohotel</ownerDesignName>
<engineerTo>
<item key="38C1456F-0494-169C-8218-E87D6F482850" value="true"/>
<item key="EEF6EADE-8AE9-2943-21AB-C71FA040068E" value="true"/>
</engineerTo>
<sourcePk>7157467E-7357-5D44-1B5A-E0603081680B</sourcePk>
<identifying>true</identifying>
<optionalSource>true</optionalSource>
<optionalTarget>false</optionalTarget>
<sourceCardinality>1</sourceCardinality>
<sourceEntity>5104A703-6B57-23D3-65F7-9B62B1B8B65A</sourceEntity>
<targetCardinalityString>*</targetCardinalityString>
<targetEntity>D3595618-8309-B059-4943-AD7109BE4266</targetEntity>
<transferable>true</transferable>
<deleteRule>NO ACTION</deleteRule>
</Relation>