<?xml version = '1.0' encoding = 'UTF-8'?>
<Relation class="oracle.dbtools.crest.model.design.logical.Relation" name="ServicioPrenda" directorySegmentName="seg_0" id="D0F60000-EED0-ACF4-A68E-4519EC43FC8A">
<createdBy>57313</createdBy>
<createdTime>2023-10-01 06:24:42 UTC</createdTime>
<ownerDesignName>modelohotel</ownerDesignName>
<importedID>012B94F0-A36A-CDD3-640C-2D6B3B575F55</importedID>
<engineerTo>
<item key="38C1456F-0494-169C-8218-E87D6F482850" value="true"/>
<item key="EEF6EADE-8AE9-2943-21AB-C71FA040068E" value="true"/>
</engineerTo>
<identifying>false</identifying>
<optionalSource>true</optionalSource>
<optionalTarget>false</optionalTarget>
<sourceCardinality>*</sourceCardinality>
<sourceEntity>7A936893-B542-7359-E950-B88DA2C56DBA</sourceEntity>
<targetCardinalityString>*</targetCardinalityString>
<targetEntity>FC806C8E-8AE1-E38E-5D6E-6C226A9EA2CA</targetEntity>
<transferable>true</transferable>
<deleteRule>NO ACTION</deleteRule>
</Relation>