<?xml version = '1.0' encoding = 'UTF-8'?>
<Relation class="oracle.dbtools.crest.model.design.logical.Relation" name="Relation_54" directorySegmentName="seg_0" id="D6DBF44E-3CBF-2C50-0941-A5317CFF4F7B">
<createdBy>57313</createdBy>
<createdTime>2023-10-01 05:36:51 UTC</createdTime>
<ownerDesignName>modelohotel</ownerDesignName>
<engineerTo>
<item key="38C1456F-0494-169C-8218-E87D6F482850" value="true"/>
<item key="EEF6EADE-8AE9-2943-21AB-C71FA040068E" value="true"/>
</engineerTo>
<sourcePk>7F889983-60E7-9055-FF04-CC88F7BD9200</sourcePk>
<identifying>false</identifying>
<optionalSource>true</optionalSource>
<optionalTarget>false</optionalTarget>
<sourceCardinality>1</sourceCardinality>
<sourceEntity>79FF7F17-E4DF-3230-A3EB-71BF70657C58</sourceEntity>
<targetCardinalityString>1</targetCardinalityString>
<targetEntity>F5C46F76-05DE-9C6B-7418-43576DA99149</targetEntity>
<transferable>true</transferable>
<deleteRule>NO ACTION</deleteRule>
</Relation>