<?xml version = '1.0' encoding = 'UTF-8'?>
<Relation class="oracle.dbtools.crest.model.design.logical.Relation" name="ReservasSpa" directorySegmentName="seg_0" id="E639AE30-CDEA-0951-082C-6B0C2339522A">
<createdBy>57313</createdBy>
<createdTime>2023-10-01 06:24:42 UTC</createdTime>
<ownerDesignName>modelohotel</ownerDesignName>
<importedID>B0AE0BFA-9DF5-0041-80A2-ED458EEE0DCA</importedID>
<engineerTo>
<item key="38C1456F-0494-169C-8218-E87D6F482850" value="true"/>
<item key="EEF6EADE-8AE9-2943-21AB-C71FA040068E" value="true"/>
</engineerTo>
<sourcePk>49A8026A-9A5E-52E3-5AD5-8A89B7433D00</sourcePk>
<identifying>false</identifying>
<optionalSource>true</optionalSource>
<optionalTarget>false</optionalTarget>
<sourceCardinality>1</sourceCardinality>
<sourceEntity>CC0B3796-DBD9-FAA4-F773-21E7E4B7EC76</sourceEntity>
<targetCardinalityString>*</targetCardinalityString>
<targetEntity>B77A5001-7A44-0032-16D3-5956D14C2880</targetEntity>
<transferable>true</transferable>
<deleteRule>NO ACTION</deleteRule>
</Relation>