<?xml version = '1.0' encoding = 'UTF-8'?>
<Relation class="oracle.dbtools.crest.model.design.logical.Relation" name="ServiciosHabitacion" directorySegmentName="seg_0" id="E9200014-C3AF-FF6C-0DEF-579198C3C682">
<createdBy>57313</createdBy>
<createdTime>2023-10-01 06:24:42 UTC</createdTime>
<ownerDesignName>modelohotel</ownerDesignName>
<importedID>B0AB256F-1E1A-BDCA-C8A7-7963AB2CCE81</importedID>
<engineerTo>
<item key="38C1456F-0494-169C-8218-E87D6F482850" value="true"/>
<item key="EEF6EADE-8AE9-2943-21AB-C71FA040068E" value="true"/>
</engineerTo>
<identifying>false</identifying>
<optionalSource>true</optionalSource>
<optionalTarget>false</optionalTarget>
<sourceCardinality>*</sourceCardinality>
<sourceEntity>1F79EE9E-1402-B24C-D1C3-FC119519E16C</sourceEntity>
<targetCardinalityString>*</targetCardinalityString>
<targetEntity>9BA3D455-A47C-14E2-C6A4-04B5D0563D7A</targetEntity>
<transferable>true</transferable>
<deleteRule>NO ACTION</deleteRule>
</Relation>