<?xml version = '1.0' encoding = 'UTF-8'?>
<Relation class="oracle.dbtools.crest.model.design.logical.Relation" name="cuenta" directorySegmentName="seg_0" id="EF3DB758-9C71-C0B3-336E-D1913EE52283">
<createdBy>57313</createdBy>
<createdTime>2023-10-01 05:05:24 UTC</createdTime>
<ownerDesignName>modelohotel</ownerDesignName>
<engineerTo>
<item key="38C1456F-0494-169C-8218-E87D6F482850" value="true"/>
<item key="EEF6EADE-8AE9-2943-21AB-C71FA040068E" value="true"/>
</engineerTo>
<sourcePk>7AC03F7A-4D1D-1234-7BD2-184C971EA3BD</sourcePk>
<identifying>true</identifying>
<optionalSource>true</optionalSource>
<optionalTarget>false</optionalTarget>
<sourceCardinality>1</sourceCardinality>
<sourceEntity>1F79EE9E-1402-B24C-D1C3-FC119519E16C</sourceEntity>
<targetCardinalityString>*</targetCardinalityString>
<targetEntity>FA400B52-5565-F6AE-A331-CB3F45540178</targetEntity>
<transferable>true</transferable>
<deleteRule>NO ACTION</deleteRule>
</Relation>