<?xml version = '1.0' encoding = 'UTF-8'?>
<Relation class="oracle.dbtools.crest.model.design.logical.Relation" name="Relation_56" directorySegmentName="seg_0" id="EFFE6144-F18C-5423-3D7D-7B6C6BCB5678">
<createdBy>57313</createdBy>
<createdTime>2023-10-01 05:37:01 UTC</createdTime>
<ownerDesignName>modelohotel</ownerDesignName>
<engineerTo>
<item key="38C1456F-0494-169C-8218-E87D6F482850" value="true"/>
<item key="EEF6EADE-8AE9-2943-21AB-C71FA040068E" value="true"/>
</engineerTo>
<sourcePk>1A7826BE-B9E0-E280-BF7B-EA1710344F59</sourcePk>
<identifying>false</identifying>
<optionalSource>true</optionalSource>
<optionalTarget>false</optionalTarget>
<sourceCardinality>1</sourceCardinality>
<sourceEntity>286E4263-0DDC-F932-6977-92D590234928</sourceEntity>
<targetCardinalityString>1</targetCardinalityString>
<targetEntity>F5C46F76-05DE-9C6B-7418-43576DA99149</targetEntity>
<transferable>true</transferable>
<deleteRule>NO ACTION</deleteRule>
</Relation>