<?xml version = '1.0' encoding = 'UTF-8'?>
<RMExtendedMap class="oracle.dbtools.crest.model.xtdmapping.RMExtendedMap">
<mappings itemClass="oracle.dbtools.crest.model.xtdmapping.ContainerMapping">
<CM id="312F8E68-CD340770CFBEC8ECB611-C251F1478374" lID="312F8E68-7FF6-D720-89B8-CD340770CFBE" lT="3" rID="C8ECB611-A68D-63E4-51E6-C251F1478374" rT="4">
</CM>
<CM id="68CD041E-E3650B2F3458D56B29D8-8230AFC4A232" lID="68CD041E-4C2F-EDF0-46BC-E3650B2F3458" lT="0" rID="D56B29D8-D979-8655-AD9C-8230AFC4A232" rT="4">
<containedMappings itemClass="oracle.dbtools.crest.model.xtdmapping.RelMapping">
<Mg id="064DAFBD-2F36F7320B9B98C72C4A-736EF01B2C9B" lID="064DAFBD-7682-F167-12F4-2F36F7320B9B" rID="98C72C4A-BF77-8BC2-967D-736EF01B2C9B">
</Mg>
<Mg id="1DF6145F-14E08D12FD2392374552-A205E3E60000" lID="1DF6145F-2B8A-183B-CDBD-14E08D12FD23" lT="2" rID="92374552-CBF6-02AF-A6A2-A205E3E60000" rT="7">
</Mg>
<Mg id="2EEFFFA2-5539DDEA09BE745F1804-10FF0C1415E6" lID="2EEFFFA2-CBEC-B34B-F2E8-5539DDEA09BE" rID="745F1804-AED2-61D9-0AB9-10FF0C1415E6">
</Mg>
</containedMappings>
</CM>
<CM id="825A2723-B518DC40D5FA941D1AE1-9611DADFEBFB" lID="825A2723-11CE-57E8-B5AD-B518DC40D5FA" lT="0" rID="941D1AE1-18B5-78E5-2B46-9611DADFEBFB" rT="4">
<containedMappings itemClass="oracle.dbtools.crest.model.xtdmapping.RelMapping">
<Mg id="075746EE-98C3A0C0C9B7D439E5E6-DE91B645843D" lID="075746EE-7CD3-5236-6AA7-98C3A0C0C9B7" rID="D439E5E6-F7AA-34F3-A7C1-DE91B645843D">
</Mg>
<Mg id="68001BBC-95444A6D2CC3DB6DB191-69204DC6EA67" lID="68001BBC-82EF-2D18-45E8-95444A6D2CC3" rID="DB6DB191-19B8-3F3D-AC68-69204DC6EA67">
</Mg>
<Mg id="9F84E03D-A28CFCFF5F7D6C1D13D0-DA82F5AA2C8E" lID="9F84E03D-806C-9EF5-D9F1-A28CFCFF5F7D" lT="2" rID="6C1D13D0-0161-69E3-3C7A-DA82F5AA2C8E" rT="7">
</Mg>
</containedMappings>
</CM>
</mappings>
</RMExtendedMap>