<?xml version = '1.0' encoding = 'UTF-8'?>
<FKIndexAssociation class="oracle.dbtools.crest.model.design.relational.FKIndexAssociation" directorySegmentName="seg_0" id="045D7697-EC32-9594-12F4-18C0C749E4E5" containerWithKeyObject="CBE485FE-F908-83FE-9CD5-2B7CBFAB7A0F" localFKIndex="6518BE58-BACA-582A-F055-A0B4498879D8" name="Local_Servicio_FK">
<createdBy>57313</createdBy>
<createdTime>2023-10-01 05:42:27 UTC</createdTime>
<generatorID>20450115-78A1-7BAD-46D1-7300A192DFA2</generatorID>
<ownerDesignName>modelohotel</ownerDesignName>
<referredTableLongName>Servicio</referredTableLongName>
<deleteRule>NO ACTION</deleteRule>
<referredTableID>4069893A-AC3E-C04D-E987-D9C6A4AB6AD3</referredTableID>
<keyObject>671153EB-5AC6-6786-18F1-251BFCA3BE36</keyObject>
<referredKeyID>671153EB-5AC6-6786-18F1-251BFCA3BE36</referredKeyID>
<mandatory>true</mandatory>
<refColNames>id</refColNames>
<transferable>true</transferable>
<rely>false</rely>
<columnDependencyConstraintGenerateInDDL>true</columnDependencyConstraintGenerateInDDL>
</FKIndexAssociation>