<?xml version = '1.0' encoding = 'UTF-8'?>
<FKIndexAssociation class="oracle.dbtools.crest.model.design.relational.FKIndexAssociation" directorySegmentName="seg_0" id="2629D57B-1217-A129-716A-D5FEC8435C9B" containerWithKeyObject="8FB9B540-E140-59EC-8B33-91AAAAB612A3" localFKIndex="3B6A1BF0-D076-5D5B-2124-8D8E8365B95D" name="Producto_Local_FK">
<createdBy>57313</createdBy>
<createdTime>2023-10-01 05:42:27 UTC</createdTime>
<generatorID>A86C177B-62D6-DFE6-9F5D-1D353F8C24A6</generatorID>
<ownerDesignName>modelohotel</ownerDesignName>
<referredTableLongName>Local</referredTableLongName>
<deleteRule>NO ACTION</deleteRule>
<referredTableID>CBE485FE-F908-83FE-9CD5-2B7CBFAB7A0F</referredTableID>
<keyObject>D6F4A397-0A33-2B95-1B12-8C29409FE4BB</keyObject>
<referredKeyID>D6F4A397-0A33-2B95-1B12-8C29409FE4BB</referredKeyID>
<mandatory>true</mandatory>
<refColNames>Local_ID</refColNames>
<transferable>true</transferable>
<rely>false</rely>
<columnDependencyConstraintGenerateInDDL>true</columnDependencyConstraintGenerateInDDL>
</FKIndexAssociation>