<?xml version = '1.0' encoding = 'UTF-8'?>
<FKIndexAssociation class="oracle.dbtools.crest.model.design.relational.FKIndexAssociation" directorySegmentName="seg_0" id="2DE53B25-0FE9-59D9-FF38-6E296F293CE4" containerWithKeyObject="E9A2B6FA-1B74-C14A-A279-000B85EC2043" localFKIndex="044FCA3F-99D1-9D30-200D-1A2C369E86EE" name="Reserva_PlanConsumo_FK">
<createdBy>57313</createdBy>
<createdTime>2023-10-01 05:42:27 UTC</createdTime>
<generatorID>D095800E-06DA-13F6-225D-67AEC5A74E5D</generatorID>
<ownerDesignName>modelohotel</ownerDesignName>
<referredTableLongName>PlanConsumo</referredTableLongName>
<deleteRule>NO ACTION</deleteRule>
<referredTableID>03A99566-DD00-4026-9AFE-7C832554A5E4</referredTableID>
<keyObject>B7316E6E-B8DF-E528-3019-372458D392D4</keyObject>
<referredKeyID>B7316E6E-B8DF-E528-3019-372458D392D4</referredKeyID>
<mandatory>true</mandatory>
<refColNames>id</refColNames>
<transferable>true</transferable>
<rely>false</rely>
<columnDependencyConstraintGenerateInDDL>true</columnDependencyConstraintGenerateInDDL>
</FKIndexAssociation>