<?xml version = '1.0' encoding = 'UTF-8'?>
<FKIndexAssociation class="oracle.dbtools.crest.model.design.relational.FKIndexAssociation" directorySegmentName="seg_0" id="352BD9E6-153C-58D3-0EA7-F8374F51BC33" containerWithKeyObject="8FB9B540-E140-59EC-8B33-91AAAAB612A3" localFKIndex="94132FB2-30D4-3FA6-0EB1-58E398164D7C" name="Producto_Spa_FK">
<createdBy>57313</createdBy>
<createdTime>2023-10-01 05:42:27 UTC</createdTime>
<generatorID>515B755E-9C22-0374-898D-C11AE9F0C606</generatorID>
<ownerDesignName>modelohotel</ownerDesignName>
<referredTableLongName>Spa</referredTableLongName>
<deleteRule>NO ACTION</deleteRule>
<referredTableID>2C35ECC4-5CDA-335E-BDA1-D2B80ED2F483</referredTableID>
<keyObject>63CBCB2C-D929-BB6C-1FCB-F3A6E878E061</keyObject>
<referredKeyID>63CBCB2C-D929-BB6C-1FCB-F3A6E878E061</referredKeyID>
<mandatory>true</mandatory>
<refColNames>id</refColNames>
<transferable>true</transferable>
<rely>false</rely>
<columnDependencyConstraintGenerateInDDL>true</columnDependencyConstraintGenerateInDDL>
</FKIndexAssociation>