<?xml version = '1.0' encoding = 'UTF-8'?>
<FKIndexAssociation class="oracle.dbtools.crest.model.design.relational.FKIndexAssociation" directorySegmentName="seg_0" id="3862208B-8F6C-1AC9-6523-C944C9CC17B1" containerWithKeyObject="FC68E87C-D0EC-7559-8C02-28774A152D1A" localFKIndex="4ACBB811-AF19-00CB-5085-856CDF2AEFBE" name="Cuenta_Reserva_FK">
<createdBy>57313</createdBy>
<createdTime>2023-10-01 05:42:27 UTC</createdTime>
<generatorID>B95C2345-10A6-BC51-0049-63676B4B8D49</generatorID>
<ownerDesignName>modelohotel</ownerDesignName>
<referredTableLongName>Reserva</referredTableLongName>
<deleteRule>NO ACTION</deleteRule>
<referredTableID>E9A2B6FA-1B74-C14A-A279-000B85EC2043</referredTableID>
<keyObject>1B163B2E-E2BF-7AE3-40DF-3A922244FC34</keyObject>
<referredKeyID>1B163B2E-E2BF-7AE3-40DF-3A922244FC34</referredKeyID>
<mandatory>true</mandatory>
<refColNames>id,PlanConsumo_id</refColNames>
<transferable>true</transferable>
<rely>false</rely>
<columnDependencyConstraintGenerateInDDL>true</columnDependencyConstraintGenerateInDDL>
</FKIndexAssociation>