<?xml version = '1.0' encoding = 'UTF-8'?>
<FKIndexAssociation class="oracle.dbtools.crest.model.design.relational.FKIndexAssociation" directorySegmentName="seg_0" id="582F6121-2F0F-E10A-7BD6-E67700C9E7ED" containerWithKeyObject="03DA8689-9970-8C16-2FB4-9072159D464D" localFKIndex="A03C3280-8129-4AEA-E981-FC44150047CC" name="ReservaSpa_Spa_FK">
<createdBy>57313</createdBy>
<createdTime>2023-10-01 05:42:27 UTC</createdTime>
<generatorID>8501A0DF-C4C3-1075-524C-8252227662BA</generatorID>
<ownerDesignName>modelohotel</ownerDesignName>
<referredTableLongName>Spa</referredTableLongName>
<deleteRule>NO ACTION</deleteRule>
<referredTableID>2C35ECC4-5CDA-335E-BDA1-D2B80ED2F483</referredTableID>
<keyObject>63CBCB2C-D929-BB6C-1FCB-F3A6E878E061</keyObject>
<referredKeyID>63CBCB2C-D929-BB6C-1FCB-F3A6E878E061</referredKeyID>
<mandatory>true</mandatory>
<refColNames>id</refColNames>
<transferable>true</transferable>
<rely>false</rely>
<columnDependencyConstraintGenerateInDDL>true</columnDependencyConstraintGenerateInDDL>
</FKIndexAssociation>