<?xml version = '1.0' encoding = 'UTF-8'?>
<FKIndexAssociation class="oracle.dbtools.crest.model.design.relational.FKIndexAssociation" directorySegmentName="seg_0" id="5B210A16-9352-2774-6864-9933F3FEA0B6" containerWithKeyObject="65F4436C-A542-3240-28C7-F85D2CB5FE4D" localFKIndex="3E5F80DC-0DE2-F724-9016-696413BDE0AF" name="ReservaSalon_Cuenta_FK">
<createdBy>57313</createdBy>
<createdTime>2023-10-01 05:42:27 UTC</createdTime>
<generatorID>0F4F1F38-4A2B-243B-F25D-D804A0B6E63C</generatorID>
<ownerDesignName>modelohotel</ownerDesignName>
<referredTableLongName>Cuenta</referredTableLongName>
<deleteRule>NO ACTION</deleteRule>
<referredTableID>FC68E87C-D0EC-7559-8C02-28774A152D1A</referredTableID>
<keyObject>10BFF115-1CAE-49D6-EE7F-87FB5B7C00AE</keyObject>
<referredKeyID>10BFF115-1CAE-49D6-EE7F-87FB5B7C00AE</referredKeyID>
<mandatory>true</mandatory>
<refColNames>Habitacion_id</refColNames>
<transferable>true</transferable>
<rely>false</rely>
<columnDependencyConstraintGenerateInDDL>true</columnDependencyConstraintGenerateInDDL>
</FKIndexAssociation>