<?xml version = '1.0' encoding = 'UTF-8'?>
<FKIndexAssociation class="oracle.dbtools.crest.model.design.relational.FKIndexAssociation" directorySegmentName="seg_0" id="78A676F8-9628-9CD5-9561-AEDF7360CF45" containerWithKeyObject="E9A2B6FA-1B74-C14A-A279-000B85EC2043" localFKIndex="9F5C6979-F498-CABE-E523-D5271BBA27B9" name="Reserva_Cliente_FK">
<createdBy>57313</createdBy>
<createdTime>2023-10-01 05:42:27 UTC</createdTime>
<generatorID>9D117215-0A7E-70A1-CA6A-2BD6B13785A2</generatorID>
<ownerDesignName>modelohotel</ownerDesignName>
<referredTableLongName>Cliente</referredTableLongName>
<deleteRule>NO ACTION</deleteRule>
<referredTableID>C19191CD-D931-6277-7B9B-41623A0982AA</referredTableID>
<keyObject>FF0B95DF-5459-79F2-EC98-D899922F13A5</keyObject>
<referredKeyID>FF0B95DF-5459-79F2-EC98-D899922F13A5</referredKeyID>
<mandatory>true</mandatory>
<refColNames>Cliente_ID</refColNames>
<transferable>true</transferable>
<rely>false</rely>
<columnDependencyConstraintGenerateInDDL>true</columnDependencyConstraintGenerateInDDL>
</FKIndexAssociation>