<?xml version = '1.0' encoding = 'UTF-8'?>
<FKIndexAssociation class="oracle.dbtools.crest.model.design.relational.FKIndexAssociation" directorySegmentName="seg_0" id="78AF7C4A-CAE7-06D1-0083-CA3BEFC2C09D" containerWithKeyObject="8FB9B540-E140-59EC-8B33-91AAAAB612A3" localFKIndex="1E1B0178-7D84-A8D8-F0CA-337D15763A62" name="Producto_Tienda_FK">
<createdBy>57313</createdBy>
<createdTime>2023-10-01 05:42:27 UTC</createdTime>
<generatorID>6BAAF401-87B6-F28F-8982-FF95BAF94B51</generatorID>
<ownerDesignName>modelohotel</ownerDesignName>
<referredTableLongName>Tienda</referredTableLongName>
<deleteRule>NO ACTION</deleteRule>
<referredTableID>3448E7C4-264A-AC2B-1C4C-9869CC143255</referredTableID>
<keyObject>C2AB79E5-21B1-A482-2037-E83A471ED247</keyObject>
<referredKeyID>C2AB79E5-21B1-A482-2037-E83A471ED247</referredKeyID>
<mandatory>true</mandatory>
<refColNames>Tienda_ID</refColNames>
<transferable>true</transferable>
<rely>false</rely>
<columnDependencyConstraintGenerateInDDL>true</columnDependencyConstraintGenerateInDDL>
</FKIndexAssociation>