<?xml version = '1.0' encoding = 'UTF-8'?>
<FKIndexAssociation class="oracle.dbtools.crest.model.design.relational.FKIndexAssociation" directorySegmentName="seg_0" id="79EF05C0-24BD-C9ED-4F32-2E35EB983CBC" containerWithKeyObject="3448E7C4-264A-AC2B-1C4C-9869CC143255" localFKIndex="4E36AECE-FEC3-E4ED-A5D0-93E4B58E6C76" name="Tienda_Servicio_FK">
<createdBy>57313</createdBy>
<createdTime>2023-10-01 05:42:27 UTC</createdTime>
<generatorID>0E7BE639-EA46-75A6-B35B-9F735BD8537F</generatorID>
<ownerDesignName>modelohotel</ownerDesignName>
<referredTableLongName>Servicio</referredTableLongName>
<deleteRule>NO ACTION</deleteRule>
<referredTableID>4069893A-AC3E-C04D-E987-D9C6A4AB6AD3</referredTableID>
<keyObject>671153EB-5AC6-6786-18F1-251BFCA3BE36</keyObject>
<referredKeyID>671153EB-5AC6-6786-18F1-251BFCA3BE36</referredKeyID>
<mandatory>true</mandatory>
<refColNames>id</refColNames>
<transferable>true</transferable>
<rely>false</rely>
<columnDependencyConstraintGenerateInDDL>true</columnDependencyConstraintGenerateInDDL>
</FKIndexAssociation>