<?xml version = '1.0' encoding = 'UTF-8'?>
<FKIndexAssociation class="oracle.dbtools.crest.model.design.relational.FKIndexAssociation" directorySegmentName="seg_0" id="79FD4485-94E9-D462-BF57-6D1E2DB52FC7" containerWithKeyObject="4069893A-AC3E-C04D-E987-D9C6A4AB6AD3" localFKIndex="69D6DFDE-0145-A39B-BC4E-BBA49CB02A26" name="Servicio_Cuenta_FK">
<createdBy>57313</createdBy>
<createdTime>2023-10-01 05:42:27 UTC</createdTime>
<generatorID>6597F5F2-2F88-3F5F-BB0A-8265DD46AAF3</generatorID>
<ownerDesignName>modelohotel</ownerDesignName>
<referredTableLongName>Cuenta</referredTableLongName>
<deleteRule>NO ACTION</deleteRule>
<referredTableID>FC68E87C-D0EC-7559-8C02-28774A152D1A</referredTableID>
<keyObject>10BFF115-1CAE-49D6-EE7F-87FB5B7C00AE</keyObject>
<referredKeyID>10BFF115-1CAE-49D6-EE7F-87FB5B7C00AE</referredKeyID>
<mandatory>true</mandatory>
<refColNames>Habitacion_id</refColNames>
<transferable>true</transferable>
<rely>false</rely>
<columnDependencyConstraintGenerateInDDL>true</columnDependencyConstraintGenerateInDDL>
</FKIndexAssociation>