<?xml version = '1.0' encoding = 'UTF-8'?>
<FKIndexAssociation class="oracle.dbtools.crest.model.design.relational.FKIndexAssociation" directorySegmentName="seg_0" id="86568766-D0A9-681D-2006-B22B5BDED17C" containerWithKeyObject="E263BAC6-C907-8F38-4127-DB8D68EF0A41" localFKIndex="C66D4B12-3F56-BC7D-CEFE-5A5F2D4E92E9" name="Usuario_Cliente_FK">
<createdBy>57313</createdBy>
<createdTime>2023-10-01 05:42:27 UTC</createdTime>
<generatorID>00290C38-372A-3C59-6DF2-04FE058DA84B</generatorID>
<ownerDesignName>modelohotel</ownerDesignName>
<referredTableLongName>Cliente</referredTableLongName>
<deleteRule>NO ACTION</deleteRule>
<referredTableID>C19191CD-D931-6277-7B9B-41623A0982AA</referredTableID>
<keyObject>FF0B95DF-5459-79F2-EC98-D899922F13A5</keyObject>
<referredKeyID>FF0B95DF-5459-79F2-EC98-D899922F13A5</referredKeyID>
<mandatory>true</mandatory>
<refColNames>Cliente_ID</refColNames>
<transferable>true</transferable>
<rely>false</rely>
<columnDependencyConstraintGenerateInDDL>true</columnDependencyConstraintGenerateInDDL>
</FKIndexAssociation>