<?xml version = '1.0' encoding = 'UTF-8'?>
<FKIndexAssociation class="oracle.dbtools.crest.model.design.relational.FKIndexAssociation" directorySegmentName="seg_0" id="86BF6A59-89D5-FBE6-606C-2A0B996AEC1C" containerWithKeyObject="4069893A-AC3E-C04D-E987-D9C6A4AB6AD3" localFKIndex="F2FA5905-195B-9C4D-8565-F56E41B093C8" name="Servicio_Gimnasio_FK">
<createdBy>57313</createdBy>
<createdTime>2023-10-01 05:42:27 UTC</createdTime>
<generatorID>C84798FE-D95B-03A2-8CBC-38D87730D9B5</generatorID>
<ownerDesignName>modelohotel</ownerDesignName>
<referredTableLongName>Gimnasio</referredTableLongName>
<deleteRule>NO ACTION</deleteRule>
<referredTableID>42FAF2FD-F987-16EC-6035-3D15C87EB15F</referredTableID>
<keyObject>73CEADD1-3C41-F3BD-40FC-318473A22897</keyObject>
<referredKeyID>73CEADD1-3C41-F3BD-40FC-318473A22897</referredKeyID>
<mandatory>true</mandatory>
<refColNames>Gimnasio_ID</refColNames>
<transferable>true</transferable>
<rely>false</rely>
<columnDependencyConstraintGenerateInDDL>true</columnDependencyConstraintGenerateInDDL>
</FKIndexAssociation>