<?xml version = '1.0' encoding = 'UTF-8'?>
<FKIndexAssociation class="oracle.dbtools.crest.model.design.relational.FKIndexAssociation" directorySegmentName="seg_0" id="A5214782-5015-A70F-CFBD-0BA509F7D213" containerWithKeyObject="FF3AA30C-CAF7-5BA7-04F1-C61355119B00" localFKIndex="C66DA986-C256-4111-28BB-B0CA6BD08C38" name="Habitacion_TipoHabitacion_FK">
<createdBy>57313</createdBy>
<createdTime>2023-10-01 05:42:27 UTC</createdTime>
<generatorID>C67A8EDB-E098-7F97-E4FD-5DCB6C8B23EF</generatorID>
<ownerDesignName>modelohotel</ownerDesignName>
<referredTableLongName>TipoHabitacion</referredTableLongName>
<deleteRule>NO ACTION</deleteRule>
<referredTableID>457D185E-AB3B-DB86-D125-C04FE74AC887</referredTableID>
<keyObject>2485016D-BE30-C035-D19E-951862F170FB</keyObject>
<referredKeyID>2485016D-BE30-C035-D19E-951862F170FB</referredKeyID>
<mandatory>true</mandatory>
<refColNames>id</refColNames>
<transferable>true</transferable>
<rely>false</rely>
<columnDependencyConstraintGenerateInDDL>true</columnDependencyConstraintGenerateInDDL>
</FKIndexAssociation>