<?xml version = '1.0' encoding = 'UTF-8'?>
<FKIndexAssociation class="oracle.dbtools.crest.model.design.relational.FKIndexAssociation" directorySegmentName="seg_0" id="AA899F73-9EF0-2C77-EEE4-A551650AAF8E" containerWithKeyObject="65F4436C-A542-3240-28C7-F85D2CB5FE4D" localFKIndex="B7B8009D-D4B2-3EDF-040F-A5E53CAA8A22" name="ReservaSalon_Salon_FK">
<createdBy>57313</createdBy>
<createdTime>2023-10-01 05:42:27 UTC</createdTime>
<generatorID>C3F01E92-3E76-C69C-48AA-6DF1124E380F</generatorID>
<ownerDesignName>modelohotel</ownerDesignName>
<referredTableLongName>Salon</referredTableLongName>
<deleteRule>NO ACTION</deleteRule>
<referredTableID>9B53AB27-3D0B-7290-84A6-2C3C6420E2E1</referredTableID>
<keyObject>E39AD4AF-BC89-8D92-ED3C-C7EFFA3B75DC</keyObject>
<referredKeyID>E39AD4AF-BC89-8D92-ED3C-C7EFFA3B75DC</referredKeyID>
<mandatory>true</mandatory>
<refColNames>id</refColNames>
<transferable>true</transferable>
<rely>false</rely>
<columnDependencyConstraintGenerateInDDL>true</columnDependencyConstraintGenerateInDDL>
</FKIndexAssociation>