<?xml version = '1.0' encoding = 'UTF-8'?>
<FKIndexAssociation class="oracle.dbtools.crest.model.design.relational.FKIndexAssociation" directorySegmentName="seg_0" id="BCB0BB85-B3EB-3B64-32CD-2E912441A752" containerWithKeyObject="4069893A-AC3E-C04D-E987-D9C6A4AB6AD3" localFKIndex="542D6EBB-6229-5AC2-4609-70EB3A021CAC" name="Servicio_Piscina_FK">
<createdBy>57313</createdBy>
<createdTime>2023-10-01 05:42:27 UTC</createdTime>
<generatorID>D6DBF44E-3CBF-2C50-0941-A5317CFF4F7B</generatorID>
<ownerDesignName>modelohotel</ownerDesignName>
<referredTableLongName>Piscina</referredTableLongName>
<deleteRule>NO ACTION</deleteRule>
<referredTableID>CA09A49C-9C26-4A04-4B6E-C7688CC38916</referredTableID>
<keyObject>4B90B2CC-0D5E-8E3E-014E-C78F6E8E336D</keyObject>
<referredKeyID>4B90B2CC-0D5E-8E3E-014E-C78F6E8E336D</referredKeyID>
<mandatory>true</mandatory>
<refColNames>Piscina_ID</refColNames>
<transferable>true</transferable>
<rely>false</rely>
<columnDependencyConstraintGenerateInDDL>true</columnDependencyConstraintGenerateInDDL>
</FKIndexAssociation>