<?xml version = '1.0' encoding = 'UTF-8'?>
<FKIndexAssociation class="oracle.dbtools.crest.model.design.relational.FKIndexAssociation" directorySegmentName="seg_0" id="C18F2D14-F7B7-9181-67BC-7C6449D2A672" containerWithKeyObject="4069893A-AC3E-C04D-E987-D9C6A4AB6AD3" localFKIndex="98278E0C-0236-FE6D-CB4F-E347285687F7" name="Servicio_Internet_FK">
<createdBy>57313</createdBy>
<createdTime>2023-10-01 05:42:27 UTC</createdTime>
<generatorID>EFFE6144-F18C-5423-3D7D-7B6C6BCB5678</generatorID>
<ownerDesignName>modelohotel</ownerDesignName>
<referredTableLongName>Internet</referredTableLongName>
<deleteRule>NO ACTION</deleteRule>
<referredTableID>3E84C678-E7F2-EC5E-0D9C-EA58CCE2B814</referredTableID>
<keyObject>BB261CAF-34F2-203B-7976-BE2BC7EDD23F</keyObject>
<referredKeyID>BB261CAF-34F2-203B-7976-BE2BC7EDD23F</referredKeyID>
<mandatory>true</mandatory>
<refColNames>Internet_ID</refColNames>
<transferable>true</transferable>
<rely>false</rely>
<columnDependencyConstraintGenerateInDDL>true</columnDependencyConstraintGenerateInDDL>
</FKIndexAssociation>