<?xml version = '1.0' encoding = 'UTF-8'?>
<FKIndexAssociation class="oracle.dbtools.crest.model.design.relational.FKIndexAssociation" directorySegmentName="seg_0" id="C43B8517-9999-3083-1688-E1BAFE1DCA47" containerWithKeyObject="E263BAC6-C907-8F38-4127-DB8D68EF0A41" localFKIndex="4350AAA6-2340-3744-916E-AD5F2628E19B" name="Usuario_TipoUsuario_FK">
<createdBy>57313</createdBy>
<createdTime>2023-10-01 05:42:27 UTC</createdTime>
<generatorID>CA4F6938-CF7A-0C6B-B5BD-D8F28E73D98F</generatorID>
<ownerDesignName>modelohotel</ownerDesignName>
<referredTableLongName>TipoUsuario</referredTableLongName>
<deleteRule>NO ACTION</deleteRule>
<referredTableID>5D0F1278-C344-112E-4F5D-479664AC1345</referredTableID>
<keyObject>65AB4F7A-F018-3130-A606-E4AE00B5C8A9</keyObject>
<referredKeyID>65AB4F7A-F018-3130-A606-E4AE00B5C8A9</referredKeyID>
<mandatory>true</mandatory>
<refColNames>id</refColNames>
<transferable>true</transferable>
<rely>false</rely>
<columnDependencyConstraintGenerateInDDL>true</columnDependencyConstraintGenerateInDDL>
</FKIndexAssociation>