<?xml version = '1.0' encoding = 'UTF-8'?>
<FKIndexAssociation class="oracle.dbtools.crest.model.design.relational.FKIndexAssociation" directorySegmentName="seg_0" id="C4FFD4A5-A217-DF9E-0F34-5CA12F3C158B" containerWithKeyObject="03DA8689-9970-8C16-2FB4-9072159D464D" localFKIndex="0F3EA710-091A-CD1C-677F-0D815B1E30A3" name="ReservaSpa_Cuenta_FK">
<createdBy>57313</createdBy>
<createdTime>2023-10-01 05:42:27 UTC</createdTime>
<generatorID>9DB15BAC-A7B9-DE33-567F-00F3303B1D29</generatorID>
<ownerDesignName>modelohotel</ownerDesignName>
<referredTableLongName>Cuenta</referredTableLongName>
<deleteRule>NO ACTION</deleteRule>
<referredTableID>FC68E87C-D0EC-7559-8C02-28774A152D1A</referredTableID>
<keyObject>10BFF115-1CAE-49D6-EE7F-87FB5B7C00AE</keyObject>
<referredKeyID>10BFF115-1CAE-49D6-EE7F-87FB5B7C00AE</referredKeyID>
<mandatory>true</mandatory>
<refColNames>Habitacion_id</refColNames>
<transferable>true</transferable>
<rely>false</rely>
<columnDependencyConstraintGenerateInDDL>true</columnDependencyConstraintGenerateInDDL>
</FKIndexAssociation>