<?xml version = '1.0' encoding = 'UTF-8'?>
<FKIndexAssociation class="oracle.dbtools.crest.model.design.relational.FKIndexAssociation" directorySegmentName="seg_0" id="C950D530-9FF2-C657-91EE-48A852423C0C" containerWithKeyObject="FC68E87C-D0EC-7559-8C02-28774A152D1A" localFKIndex="88C55B6E-80E1-45A0-28F3-AF84DF0FA7F0" name="Cuenta_Habitacion_FK">
<createdBy>57313</createdBy>
<createdTime>2023-10-01 05:42:27 UTC</createdTime>
<generatorID>EF3DB758-9C71-C0B3-336E-D1913EE52283</generatorID>
<ownerDesignName>modelohotel</ownerDesignName>
<referredTableLongName>Habitacion</referredTableLongName>
<deleteRule>NO ACTION</deleteRule>
<referredTableID>FF3AA30C-CAF7-5BA7-04F1-C61355119B00</referredTableID>
<keyObject>9FFBD6AC-1B7D-CC81-DC2A-FD0B116E55A4</keyObject>
<referredKeyID>9FFBD6AC-1B7D-CC81-DC2A-FD0B116E55A4</referredKeyID>
<mandatory>true</mandatory>
<refColNames>id</refColNames>
<transferable>true</transferable>
<rely>false</rely>
<columnDependencyConstraintGenerateInDDL>true</columnDependencyConstraintGenerateInDDL>
</FKIndexAssociation>