<?xml version = '1.0' encoding = 'UTF-8'?>
<Diagram class="oracle.dbtools.crest.swingui.logical.DPVLogical" name="Logical" id="48F14799-4046-7D47-AE71-C6E9168EBF77">
<createdBy>57319</createdBy>
<modifiedBy>57319</modifiedBy>
<createdTime>2023-09-28 22:27:08 UTC</createdTime>
<autoRoute>false</autoRoute>
<boxInbox>true</boxInbox>
<showLegend>false</showLegend>
<showLabels>false</showLabels>
<showRelAttributes>false</showRelAttributes>
<gridEnabled>false</gridEnabled>
<showGrid>false</showGrid>
<diagramColor>-1</diagramColor>
<display>false</display>
<notation>1</notation>
<objectViews>
<OView class="oracle.dbtools.crest.swingui.logical.TVEntity" oid="1F79EE9E-1402-B24C-D1C3-FC119519E16C" otype="Entity" vid="B507D7EA-0A81-8D11-F769-C03196E8D43E">
<hideElementsInCurrentOnly>false</hideElementsInCurrentOnly>
<bounds x="266" y="21" width="170" height="110"/>
</OView>
<OView class="oracle.dbtools.crest.swingui.logical.TVEntity" oid="286E4263-0DDC-F932-6977-92D590234928" otype="Entity" vid="EB2BF60F-E61A-D099-70DC-1CE71F3D4190">
<hideElementsInCurrentOnly>false</hideElementsInCurrentOnly>
<bounds x="154" y="320" width="170" height="110"/>
</OView>
<OView class="oracle.dbtools.crest.swingui.logical.TVEntity" oid="2B29A20A-CFA6-14F9-CBB7-FF7B4445191B" otype="Entity" vid="72808CDF-0EB8-8171-7A45-FEC8E792531D">
<hideElementsInCurrentOnly>false</hideElementsInCurrentOnly>
<bounds x="190" y="153" width="177" height="121"/>
</OView>
<OView class="oracle.dbtools.crest.swingui.logical.TVEntity" oid="30D1D1F9-214A-654F-A80E-5AC07109EDB5" otype="Entity" vid="5FE1236A-C6A8-AF7F-6CBE-8F4419D3C8B7">
<hideElementsInCurrentOnly>false</hideElementsInCurrentOnly>
<bounds x="753" y="30" width="170" height="110"/>
</OView>
<OView class="oracle.dbtools.crest.swingui.logical.TVEntity" oid="41821E9B-35AC-134C-4B87-4613D447788D" otype="Entity" vid="A8B5306E-B9AA-68D3-A08B-7496C88FBB3F">
<hideElementsInCurrentOnly>false</hideElementsInCurrentOnly>
<bounds x="259" y="200" width="164" height="110"/>
</OView>
<OView class="oracle.dbtools.crest.swingui.logical.TVEntity" oid="5104A703-6B57-23D3-65F7-9B62B1B8B65A" otype="Entity" vid="BDF1E7EB-6E09-5DD0-6CD6-41A9EF226C82">
<hideElementsInCurrentOnly>false</hideElementsInCurrentOnly>
<bounds x="879" y="479" width="139" height="83"/>
</OView>
<OView class="oracle.dbtools.crest.swingui.logical.TVEntity" oid="5335F60E-AD4D-5565-96CB-9EE616D80A2F" otype="Entity" vid="48D23F95-F60C-0689-A97C-4D7764D013A3">
<hideElementsInCurrentOnly>false</hideElementsInCurrentOnly>
<bounds x="491" y="164" width="170" height="110"/>
</OView>
<OView class="oracle.dbtools.crest.swingui.logical.TVEntity" oid="5D37CBC5-6F12-EDA1-5AF6-0CDF525ED2E6" otype="Entity" vid="7722A715-98FC-FE5F-E763-76FC2D2AFF58">
<hideElementsInCurrentOnly>false</hideElementsInCurrentOnly>
<bounds x="346" y="500" width="170" height="110"/>
</OView>
<OView class="oracle.dbtools.crest.swingui.logical.TVEntity" oid="689CF9A5-5FAB-2A8B-21E9-A8FF1903EE24" otype="Entity" vid="8B976222-1386-C2EB-366D-1B5FA553BA4B">
<hideElementsInCurrentOnly>false</hideElementsInCurrentOnly>
<bounds x="1186" y="495" width="170" height="110"/>
</OView>
<OView class="oracle.dbtools.crest.swingui.logical.TVEntity" oid="6A5E5D61-0046-3FDC-42F4-98B8B9ED19A5" otype="Entity" vid="86564D11-5034-8FBD-0424-544B106FF360">
<hideElementsInCurrentOnly>false</hideElementsInCurrentOnly>
<bounds x="857" y="230" width="119" height="120"/>
</OView>
<OView class="oracle.dbtools.crest.swingui.logical.TVEntity" oid="6BA9A6AF-8710-8023-B258-EDDFE07D9609" otype="Entity" vid="59493FD9-4E9F-CB4A-6A09-0E9EFCF7D7F0">
<hideElementsInCurrentOnly>false</hideElementsInCurrentOnly>
<bounds x="622" y="325" width="170" height="110"/>
</OView>
<OView class="oracle.dbtools.crest.swingui.logical.TVEntity" oid="70D6C864-AA9E-88EF-CDDF-6B2C079921B6" otype="Entity" vid="79EE0BE3-F94D-3B97-C909-7B0A45F784B6">
<hideElementsInCurrentOnly>false</hideElementsInCurrentOnly>
<bounds x="43" y="20" width="170" height="110"/>
</OView>
<OView class="oracle.dbtools.crest.swingui.logical.TVEntity" oid="79FF7F17-E4DF-3230-A3EB-71BF70657C58" otype="Entity" vid="165FA80D-F786-7C33-12A4-9FB90860B59F">
<hideElementsInCurrentOnly>false</hideElementsInCurrentOnly>
<bounds x="61" y="198" width="170" height="110"/>
</OView>
<OView class="oracle.dbtools.crest.swingui.logical.TVEntity" oid="7A936893-B542-7359-E950-B88DA2C56DBA" otype="Entity" vid="21B3E885-AEB2-FC2B-368A-1D7160E69E68">
<hideElementsInCurrentOnly>false</hideElementsInCurrentOnly>
<bounds x="519" y="507" width="170" height="110"/>
</OView>
<OView class="oracle.dbtools.crest.swingui.logical.TVEntity" oid="938DC810-1B9B-46D1-F374-9B0B9983C6EC" otype="Entity" vid="178EBBFC-88B2-F039-7559-C4600A789866">
<hideElementsInCurrentOnly>false</hideElementsInCurrentOnly>
<bounds x="68" y="440" width="170" height="110"/>
</OView>
<OView class="oracle.dbtools.crest.swingui.logical.TVEntity" oid="99B85ADB-10DD-5137-0D2F-AD27207F0614" otype="Entity" vid="76C4167B-9789-09FB-CA18-9083150E4A83">
<hideElementsInCurrentOnly>false</hideElementsInCurrentOnly>
<bounds x="1125" y="220" width="158" height="121"/>
</OView>
<OView class="oracle.dbtools.crest.swingui.logical.TVEntity" oid="9BA3D455-A47C-14E2-C6A4-04B5D0563D7A" otype="Entity" vid="BE8EBAE0-58FC-80A9-2304-910F2F0CA05C">
<hideElementsInCurrentOnly>false</hideElementsInCurrentOnly>
<bounds x="549" y="25" width="170" height="110"/>
</OView>
<OView class="oracle.dbtools.crest.swingui.logical.TVEntity" oid="B16AA718-6357-57C5-95DE-4DE347B370F8" otype="Entity" vid="FBF5E4B2-24DB-7F1E-ACDE-CD9254DA08B4">
<hideElementsInCurrentOnly>false</hideElementsInCurrentOnly>
<bounds x="113" y="494" width="148" height="107"/>
</OView>
<OView class="oracle.dbtools.crest.swingui.logical.TVEntity" oid="B63BEDD4-9276-E2B4-0506-5132E4A3C759" otype="Entity" vid="83F40B99-52B5-1599-8C3E-54C163FDEFEA">
<hideElementsInCurrentOnly>false</hideElementsInCurrentOnly>
<bounds x="86" y="361" width="147" height="120"/>
</OView>
<OView class="oracle.dbtools.crest.swingui.logical.TVEntity" oid="B77A5001-7A44-0032-16D3-5956D14C2880" otype="Entity" vid="44C8AB27-DC3F-45D1-92D6-725F18DE4B52">
<hideElementsInCurrentOnly>false</hideElementsInCurrentOnly>
<bounds x="305" y="485" width="170" height="108"/>
</OView>
<OView class="oracle.dbtools.crest.swingui.logical.TVEntity" oid="CC0B3796-DBD9-FAA4-F773-21E7E4B7EC76" otype="Entity" vid="650801A4-7689-4E9D-C63B-6E967BAEFAE5">
<hideElementsInCurrentOnly>false</hideElementsInCurrentOnly>
<bounds x="225" y="392" width="170" height="110"/>
</OView>
<OView class="oracle.dbtools.crest.swingui.logical.TVEntity" oid="D0855BEB-8DF6-5051-B122-71277B04DFB6" otype="Entity" vid="CD4B62C7-FF37-86AE-D8E2-6432979A4CA8">
<hideElementsInCurrentOnly>false</hideElementsInCurrentOnly>
<bounds x="559" y="517" width="133" height="116"/>
</OView>
<OView class="oracle.dbtools.crest.swingui.logical.TVEntity" oid="D3595618-8309-B059-4943-AD7109BE4266" otype="Entity" vid="7D370589-D5CD-2324-843F-09E9B5BC28A8">
<hideElementsInCurrentOnly>false</hideElementsInCurrentOnly>
<bounds x="956" y="34" width="170" height="110"/>
</OView>
<OView class="oracle.dbtools.crest.swingui.logical.TVEntity" oid="E37919DD-0A96-CCD3-3931-975BCD80156C" otype="Entity" vid="A1647FEB-B8B4-829B-03AC-8AEBCEEBDD84">
<hideElementsInCurrentOnly>false</hideElementsInCurrentOnly>
<bounds x="533" y="371" width="170" height="110"/>
</OView>
<OView class="oracle.dbtools.crest.swingui.logical.TVEntity" oid="F5C46F76-05DE-9C6B-7418-43576DA99149" otype="Entity" vid="9DEBDE72-FDE1-9219-27C3-ACEFAD76F307">
<hideElementsInCurrentOnly>false</hideElementsInCurrentOnly>
<bounds x="872" y="505" width="174" height="111"/>
</OView>
<OView class="oracle.dbtools.crest.swingui.logical.TVEntity" oid="F9A18DDB-A7AE-BDCF-094A-89EEA11CD237" otype="Entity" vid="5E5D63B4-0706-7B2B-BF74-C147CD0FD4E6">
<hideElementsInCurrentOnly>false</hideElementsInCurrentOnly>
<bounds x="261" y="337" width="170" height="110"/>
</OView>
<OView class="oracle.dbtools.crest.swingui.logical.TVEntity" oid="FA400B52-5565-F6AE-A331-CB3F45540178" otype="Entity" vid="E4F44AD0-D442-FF7D-C86C-F40DBA02CB4C">
<hideElementsInCurrentOnly>false</hideElementsInCurrentOnly>
<bounds x="527" y="358" width="146" height="105"/>
</OView>
<OView class="oracle.dbtools.crest.swingui.logical.TVEntity" oid="FC806C8E-8AE1-E38E-5D6E-6C226A9EA2CA" otype="Entity" vid="92D3063B-0867-E584-4786-0C3800CA7480">
<hideElementsInCurrentOnly>false</hideElementsInCurrentOnly>
<bounds x="735" y="502" width="170" height="110"/>
</OView>
</objectViews>
<connectors>
<Connector class="oracle.dbtools.crest.swingui.logical.TVRelation" oid="00290C38-372A-3C59-6DF2-04FE058DA84B" otype="Relation" vid_source="5FE1236A-C6A8-AF7F-6CBE-8F4419D3C8B7" vid_target="FBF5E4B2-24DB-7F1E-ACDE-CD9254DA08B4">
<hideElementsInCurrentOnly>false</hideElementsInCurrentOnly>
<backgroundColor>-16777216</backgroundColor>
<lineWidth>1</lineWidth>
<points>
<point x="760" y="140"/>
<point x="261" y="494"/>
</points>
</Connector>
<Connector class="oracle.dbtools.crest.swingui.logical.TVRelation" oid="0E7BE639-EA46-75A6-B35B-9F735BD8537F" otype="Relation" vid_source="9DEBDE72-FDE1-9219-27C3-ACEFAD76F307" vid_target="86564D11-5034-8FBD-0424-544B106FF360">
<hideElementsInCurrentOnly>false</hideElementsInCurrentOnly>
<backgroundColor>-16777216</backgroundColor>
<lineWidth>1</lineWidth>
<points>
<point x="909" y="505"/>
<point x="909" y="350"/>
</points>
</Connector>
<Connector class="oracle.dbtools.crest.swingui.logical.TVRelation" oid="0F4F1F38-4A2B-243B-F25D-D804A0B6E63C" otype="Relation" vid_source="E4F44AD0-D442-FF7D-C86C-F40DBA02CB4C" vid_target="7722A715-98FC-FE5F-E763-76FC2D2AFF58">
<hideElementsInCurrentOnly>false</hideElementsInCurrentOnly>
<backgroundColor>-16777216</backgroundColor>
<lineWidth>1</lineWidth>
<points>
<point x="538" y="463"/>
<point x="495" y="500"/>
</points>
</Connector>
<Connector class="oracle.dbtools.crest.swingui.logical.TVRelation" oid="0F8C4DA8-99D0-4199-204A-6E0AB6BEE97D" otype="Relation" vid_source="79EE0BE3-F94D-3B97-C909-7B0A45F784B6" vid_target="650801A4-7689-4E9D-C63B-6E967BAEFAE5">
<hideElementsInCurrentOnly>false</hideElementsInCurrentOnly>
<backgroundColor>-16777216</backgroundColor>
<lineWidth>1</lineWidth>
<points>
<point x="154" y="130"/>
<point x="283" y="392"/>
</points>
</Connector>
<Connector class="oracle.dbtools.crest.swingui.logical.TVRelation" oid="1B4E9AF7-D3F9-7BA1-A35D-FC34A1AA2FF1" otype="Relation" vid_source="79EE0BE3-F94D-3B97-C909-7B0A45F784B6" vid_target="A8B5306E-B9AA-68D3-A08B-7496C88FBB3F">
<hideElementsInCurrentOnly>false</hideElementsInCurrentOnly>
<backgroundColor>-16777216</backgroundColor>
<lineWidth>1</lineWidth>
<points>
<point x="193" y="130"/>
<point x="275" y="200"/>
</points>
</Connector>
<Connector class="oracle.dbtools.crest.swingui.logical.TVRelation" oid="20450115-78A1-7BAD-46D1-7300A192DFA2" otype="Relation" vid_source="9DEBDE72-FDE1-9219-27C3-ACEFAD76F307" vid_target="76C4167B-9789-09FB-CA18-9083150E4A83">
<hideElementsInCurrentOnly>false</hideElementsInCurrentOnly>
<backgroundColor>-16777216</backgroundColor>
<lineWidth>1</lineWidth>
<points>
<point x="1007" y="505"/>
<point x="1166" y="341"/>
</points>
</Connector>
<Connector class="oracle.dbtools.crest.swingui.logical.TVRelation" oid="2BD40878-3E41-07CA-D3C4-2A7662B949AD" otype="Relation" vid_source="79EE0BE3-F94D-3B97-C909-7B0A45F784B6" vid_target="B507D7EA-0A81-8D11-F769-C03196E8D43E">
<hideElementsInCurrentOnly>false</hideElementsInCurrentOnly>
<backgroundColor>-16777216</backgroundColor>
<lineWidth>1</lineWidth>
<points>
<point x="213" y="75"/>
<point x="266" y="75"/>
</points>
</Connector>
<Connector class="oracle.dbtools.crest.swingui.logical.TVRelation" oid="34F5BBA9-BFA4-C575-820A-51F1219AF3B9" otype="Relation" vid_source="B507D7EA-0A81-8D11-F769-C03196E8D43E" vid_target="7722A715-98FC-FE5F-E763-76FC2D2AFF58">
<hideElementsInCurrentOnly>false</hideElementsInCurrentOnly>
<backgroundColor>-16777216</backgroundColor>
<lineWidth>1</lineWidth>
<points>
<point x="406" y="131"/>
<point x="406" y="500"/>
</points>
</Connector>
<Connector class="oracle.dbtools.crest.swingui.logical.TVRelation" oid="3A61B8DB-7DB4-4B99-46BF-57E4580B54FB" otype="Relation" vid_source="79EE0BE3-F94D-3B97-C909-7B0A45F784B6" vid_target="178EBBFC-88B2-F039-7559-C4600A789866">
<hideElementsInCurrentOnly>false</hideElementsInCurrentOnly>
<backgroundColor>-16777216</backgroundColor>
<lineWidth>1</lineWidth>
<points>
<point x="125" y="130"/>
<point x="125" y="440"/>
</points>
</Connector>
<Connector class="oracle.dbtools.crest.swingui.logical.TVRelation" oid="515B755E-9C22-0374-898D-C11AE9F0C606" otype="Relation" vid_source="650801A4-7689-4E9D-C63B-6E967BAEFAE5" vid_target="A1647FEB-B8B4-829B-03AC-8AEBCEEBDD84">
<hideElementsInCurrentOnly>false</hideElementsInCurrentOnly>
<backgroundColor>-16777216</backgroundColor>
<lineWidth>1</lineWidth>
<points>
<point x="395" y="436"/>
<point x="533" y="436"/>
</points>
</Connector>
<Connector class="oracle.dbtools.crest.swingui.logical.TVRelation" oid="6247CA13-6C10-B27B-6AA3-B78BE9F9D35A" otype="Relation" vid_source="5E5D63B4-0706-7B2B-BF74-C147CD0FD4E6" vid_target="A1647FEB-B8B4-829B-03AC-8AEBCEEBDD84">
<hideElementsInCurrentOnly>false</hideElementsInCurrentOnly>
<backgroundColor>-16777216</backgroundColor>
<lineWidth>1</lineWidth>
<points>
<point x="431" y="409"/>
<point x="533" y="409"/>
</points>
</Connector>
<Connector class="oracle.dbtools.crest.swingui.logical.TVRelation" oid="6466493C-5DD3-B242-6AFB-E5C0B9B306C5" otype="Relation" vid_source="B507D7EA-0A81-8D11-F769-C03196E8D43E" vid_target="21B3E885-AEB2-FC2B-368A-1D7160E69E68">
<hideElementsInCurrentOnly>false</hideElementsInCurrentOnly>
<backgroundColor>-16777216</backgroundColor>
<lineWidth>1</lineWidth>
<points>
<point x="379" y="131"/>
<point x="575" y="507"/>
</points>
</Connector>
<Connector class="oracle.dbtools.crest.swingui.logical.TVRelation" oid="6597F5F2-2F88-3F5F-BB0A-8265DD46AAF3" otype="Relation" vid_source="E4F44AD0-D442-FF7D-C86C-F40DBA02CB4C" vid_target="9DEBDE72-FDE1-9219-27C3-ACEFAD76F307">
<hideElementsInCurrentOnly>false</hideElementsInCurrentOnly>
<backgroundColor>-16777216</backgroundColor>
<lineWidth>1</lineWidth>
<points>
<point x="673" y="441"/>
<point x="872" y="524"/>
</points>
</Connector>
<Connector class="oracle.dbtools.crest.swingui.logical.TVRelation" oid="65B7F249-6563-AC35-8EBA-879C3CD89AB1" otype="Relation" vid_source="79EE0BE3-F94D-3B97-C909-7B0A45F784B6" vid_target="165FA80D-F786-7C33-12A4-9FB90860B59F">
<hideElementsInCurrentOnly>false</hideElementsInCurrentOnly>
<backgroundColor>-16777216</backgroundColor>
<lineWidth>1</lineWidth>
<points>
<point x="137" y="130"/>
<point x="137" y="198"/>
</points>
</Connector>
<Connector class="oracle.dbtools.crest.swingui.logical.TVRelation" oid="6BAAF401-87B6-F28F-8982-FF95BAF94B51" otype="Relation" vid_source="86564D11-5034-8FBD-0424-544B106FF360" vid_target="A1647FEB-B8B4-829B-03AC-8AEBCEEBDD84">
<hideElementsInCurrentOnly>false</hideElementsInCurrentOnly>
<backgroundColor>-16777216</backgroundColor>
<lineWidth>1</lineWidth>
<points>
<point x="857" y="317"/>
<point x="703" y="387"/>
</points>
</Connector>
<Connector class="oracle.dbtools.crest.swingui.logical.TVRelation" oid="6BE7B520-5E92-8FEE-6DB5-842E595F47FF" otype="Relation" vid_source="B507D7EA-0A81-8D11-F769-C03196E8D43E" vid_target="48D23F95-F60C-0689-A97C-4D7764D013A3">
<hideElementsInCurrentOnly>false</hideElementsInCurrentOnly>
<backgroundColor>-16777216</backgroundColor>
<lineWidth>1</lineWidth>
<points>
<point x="436" y="130"/>
<point x="491" y="164"/>
</points>
</Connector>
<Connector class="oracle.dbtools.crest.swingui.logical.TVRelation" oid="6CA61668-E17A-5CC0-C1C9-EBCF5A951E20" otype="Relation" vid_source="59493FD9-4E9F-CB4A-6A09-0E9EFCF7D7F0" vid_target="A1647FEB-B8B4-829B-03AC-8AEBCEEBDD84">
<hideElementsInCurrentOnly>false</hideElementsInCurrentOnly>
<backgroundColor>-16777216</backgroundColor>
<lineWidth>1</lineWidth>
<points>
<point x="622" y="418"/>
<point x="703" y="418"/>
</points>
</Connector>
<Connector class="oracle.dbtools.crest.swingui.logical.TVRelation" oid="6D42EC3B-B2EA-FBDB-A15B-38A1800263B1" otype="Relation" vid_source="B507D7EA-0A81-8D11-F769-C03196E8D43E" vid_target="59493FD9-4E9F-CB4A-6A09-0E9EFCF7D7F0">
<hideElementsInCurrentOnly>false</hideElementsInCurrentOnly>
<backgroundColor>-16777216</backgroundColor>
<lineWidth>1</lineWidth>
<points>
<point x="415" y="131"/>
<point x="642" y="325"/>
</points>
</Connector>
<Connector class="oracle.dbtools.crest.swingui.logical.TVRelation" oid="6D5F4BBB-5BAE-00F2-0C40-F0D4F3395580" otype="Relation" vid_source="178EBBFC-88B2-F039-7559-C4600A789866" vid_target="7722A715-98FC-FE5F-E763-76FC2D2AFF58">
<hideElementsInCurrentOnly>false</hideElementsInCurrentOnly>
<backgroundColor>-16777216</backgroundColor>
<lineWidth>1</lineWidth>
<points>
<point x="238" y="525"/>
<point x="346" y="525"/>
</points>
</Connector>
<Connector class="oracle.dbtools.crest.swingui.logical.TVRelation" oid="6D7F17D2-5CAD-69E7-624A-40A8294EF9D0" otype="Relation" vid_source="48D23F95-F60C-0689-A97C-4D7764D013A3" vid_target="8B976222-1386-C2EB-366D-1B5FA553BA4B">
<hideElementsInCurrentOnly>false</hideElementsInCurrentOnly>
<backgroundColor>-16777216</backgroundColor>
<lineWidth>1</lineWidth>
<points>
<point x="661" y="259"/>
<point x="1186" y="509"/>
</points>
</Connector>
<Connector class="oracle.dbtools.crest.swingui.logical.TVRelation" oid="8501A0DF-C4C3-1075-524C-8252227662BA" otype="Relation" vid_source="650801A4-7689-4E9D-C63B-6E967BAEFAE5" vid_target="44C8AB27-DC3F-45D1-92D6-725F18DE4B52">
<hideElementsInCurrentOnly>false</hideElementsInCurrentOnly>
<backgroundColor>-16777216</backgroundColor>
<lineWidth>1</lineWidth>
<points>
<point x="395" y="493"/>
<point x="305" y="493"/>
</points>
</Connector>
<Connector class="oracle.dbtools.crest.swingui.logical.TVRelation" oid="9D117215-0A7E-70A1-CA6A-2BD6B13785A2" otype="Relation" vid_source="5FE1236A-C6A8-AF7F-6CBE-8F4419D3C8B7" vid_target="7D370589-D5CD-2324-843F-09E9B5BC28A8">
<hideElementsInCurrentOnly>false</hideElementsInCurrentOnly>
<backgroundColor>-16777216</backgroundColor>
<lineWidth>1</lineWidth>
<points>
<point x="211" y="605"/>
<point x="317" y="605"/>
</points>
</Connector>
<Connector class="oracle.dbtools.crest.swingui.logical.TVRelation" oid="9DB15BAC-A7B9-DE33-567F-00F3303B1D29" otype="Relation" vid_source="E4F44AD0-D442-FF7D-C86C-F40DBA02CB4C" vid_target="44C8AB27-DC3F-45D1-92D6-725F18DE4B52">
<hideElementsInCurrentOnly>false</hideElementsInCurrentOnly>
<backgroundColor>-16777216</backgroundColor>
<lineWidth>1</lineWidth>
<points>
<point x="601" y="358"/>
<point x="601" y="324"/>
</points>
</Connector>
<Connector class="oracle.dbtools.crest.swingui.logical.TVRelation" oid="A33E1A5F-E66B-50D9-9169-B3A7914B1CC2" otype="Relation" vid_source="5E5D63B4-0706-7B2B-BF74-C147CD0FD4E6" vid_target="59493FD9-4E9F-CB4A-6A09-0E9EFCF7D7F0">
<hideElementsInCurrentOnly>false</hideElementsInCurrentOnly>
<backgroundColor>-16777216</backgroundColor>
<lineWidth>1</lineWidth>
<points>
<point x="431" y="386"/>
<point x="622" y="386"/>
</points>
</Connector>
<Connector class="oracle.dbtools.crest.swingui.logical.TVRelation" oid="A39EA7BF-1098-72F2-BBE0-9577CD7DDC65" otype="Relation" vid_source="5FE1236A-C6A8-AF7F-6CBE-8F4419D3C8B7" vid_target="7D370589-D5CD-2324-843F-09E9B5BC28A8">
<hideElementsInCurrentOnly>false</hideElementsInCurrentOnly>
<backgroundColor>-16777216</backgroundColor>
<lineWidth>1</lineWidth>
<points>
<point x="923" y="87"/>
<point x="956" y="87"/>
</points>
</Connector>
<Connector class="oracle.dbtools.crest.swingui.logical.TVRelation" oid="A6822A0A-2435-65F4-40A6-4D9C0EA38614" otype="Relation" vid_source="79EE0BE3-F94D-3B97-C909-7B0A45F784B6" vid_target="5E5D63B4-0706-7B2B-BF74-C147CD0FD4E6">
<hideElementsInCurrentOnly>false</hideElementsInCurrentOnly>
<backgroundColor>-16777216</backgroundColor>
<lineWidth>1</lineWidth>
<points>
<point x="165" y="130"/>
<point x="308" y="337"/>
</points>
</Connector>
<Connector class="oracle.dbtools.crest.swingui.logical.TVRelation" oid="A86C177B-62D6-DFE6-9F5D-1D353F8C24A6" otype="Relation" vid_source="76C4167B-9789-09FB-CA18-9083150E4A83" vid_target="A1647FEB-B8B4-829B-03AC-8AEBCEEBDD84">
<hideElementsInCurrentOnly>false</hideElementsInCurrentOnly>
<backgroundColor>-16777216</backgroundColor>
<lineWidth>1</lineWidth>
<points>
<point x="1125" y="300"/>
<point x="703" y="404"/>
</points>
</Connector>
<Connector class="oracle.dbtools.crest.swingui.logical.TVRelation" oid="B95C2345-10A6-BC51-0049-63676B4B8D49" otype="Relation" vid_source="7D370589-D5CD-2324-843F-09E9B5BC28A8" vid_target="E4F44AD0-D442-FF7D-C86C-F40DBA02CB4C">
<hideElementsInCurrentOnly>false</hideElementsInCurrentOnly>
<backgroundColor>-16777216</backgroundColor>
<lineWidth>1</lineWidth>
<points>
<point x="451" y="553"/>
<point x="545" y="463"/>
</points>
</Connector>
<Connector class="oracle.dbtools.crest.swingui.logical.TVRelation" oid="BD6A54DC-52CB-C847-36AD-59500B2F7321" otype="Relation" vid_source="B507D7EA-0A81-8D11-F769-C03196E8D43E" vid_target="7D370589-D5CD-2324-843F-09E9B5BC28A8">
<hideElementsInCurrentOnly>false</hideElementsInCurrentOnly>
<backgroundColor>-16777216</backgroundColor>
<lineWidth>1</lineWidth>
<points>
<point x="436" y="97"/>
<point x="956" y="97"/>
</points>
</Connector>
<Connector class="oracle.dbtools.crest.swingui.logical.TVRelation" oid="C3F01E92-3E76-C69C-48AA-6DF1124E380F" otype="Relation" vid_source="72808CDF-0EB8-8171-7A45-FEC8E792531D" vid_target="7722A715-98FC-FE5F-E763-76FC2D2AFF58">
<hideElementsInCurrentOnly>false</hideElementsInCurrentOnly>
<backgroundColor>-16777216</backgroundColor>
<lineWidth>1</lineWidth>
<points>
<point x="356" y="274"/>
<point x="356" y="500"/>
</points>
</Connector>
<Connector class="oracle.dbtools.crest.swingui.logical.TVRelation" oid="C67A8EDB-E098-7F97-E4FD-5DCB6C8B23EF" otype="Relation" vid_source="83F40B99-52B5-1599-8C3E-54C163FDEFEA" vid_target="B507D7EA-0A81-8D11-F769-C03196E8D43E">
<hideElementsInCurrentOnly>false</hideElementsInCurrentOnly>
<backgroundColor>-16777216</backgroundColor>
<lineWidth>1</lineWidth>
<points>
<point x="233" y="422"/>
<point x="313" y="422"/>
</points>
</Connector>
<Connector class="oracle.dbtools.crest.swingui.logical.TVRelation" oid="C84798FE-D95B-03A2-8CBC-38D87730D9B5" otype="Relation" vid_source="A8B5306E-B9AA-68D3-A08B-7496C88FBB3F" vid_target="9DEBDE72-FDE1-9219-27C3-ACEFAD76F307">
<hideElementsInCurrentOnly>false</hideElementsInCurrentOnly>
<backgroundColor>-16777216</backgroundColor>
<lineWidth>1</lineWidth>
<points>
<point x="1148" y="589"/>
<point x="1046" y="589"/>
</points>
</Connector>
<Connector class="oracle.dbtools.crest.swingui.logical.TVRelation" oid="C8A35FD5-BA94-829B-FA5C-1C7A80A28C93" otype="Relation" vid_source="79EE0BE3-F94D-3B97-C909-7B0A45F784B6" vid_target="EB2BF60F-E61A-D099-70DC-1CE71F3D4190">
<hideElementsInCurrentOnly>false</hideElementsInCurrentOnly>
<backgroundColor>-16777216</backgroundColor>
<lineWidth>1</lineWidth>
<points>
<point x="168" y="130"/>
<point x="168" y="320"/>
</points>
</Connector>
<Connector class="oracle.dbtools.crest.swingui.logical.TVRelation" oid="CA4F6938-CF7A-0C6B-B5BD-D8F28E73D98F" otype="Relation" vid_source="CD4B62C7-FF37-86AE-D8E2-6432979A4CA8" vid_target="FBF5E4B2-24DB-7F1E-ACDE-CD9254DA08B4">
<hideElementsInCurrentOnly>false</hideElementsInCurrentOnly>
<backgroundColor>-16777216</backgroundColor>
<lineWidth>1</lineWidth>
<points>
<point x="559" y="559"/>
<point x="261" y="559"/>
</points>
</Connector>
<Connector class="oracle.dbtools.crest.swingui.logical.TVRelation" oid="D095800E-06DA-13F6-225D-67AEC5A74E5D" otype="Relation" vid_source="BDF1E7EB-6E09-5DD0-6CD6-41A9EF226C82" vid_target="7D370589-D5CD-2324-843F-09E9B5BC28A8">
<hideElementsInCurrentOnly>false</hideElementsInCurrentOnly>
<backgroundColor>-16777216</backgroundColor>
<lineWidth>1</lineWidth>
<points>
<point x="987" y="479"/>
<point x="987" y="144"/>
</points>
</Connector>
<Connector class="oracle.dbtools.crest.swingui.logical.TVRelation" oid="D0F60000-EED0-ACF4-A68E-4519EC43FC8A" otype="Relation" vid_source="21B3E885-AEB2-FC2B-368A-1D7160E69E68" vid_target="92D3063B-0867-E584-4786-0C3800CA7480">
<hideElementsInCurrentOnly>false</hideElementsInCurrentOnly>
<backgroundColor>-16777216</backgroundColor>
<lineWidth>1</lineWidth>
<points>
<point x="689" y="559"/>
<point x="735" y="559"/>
</points>
</Connector>
<Connector class="oracle.dbtools.crest.swingui.logical.TVRelation" oid="D6A965B6-3C62-06BC-5BD7-CEC4E44D3E75" otype="Relation" vid_source="B507D7EA-0A81-8D11-F769-C03196E8D43E" vid_target="44C8AB27-DC3F-45D1-92D6-725F18DE4B52">
<hideElementsInCurrentOnly>false</hideElementsInCurrentOnly>
<backgroundColor>-16777216</backgroundColor>
<lineWidth>1</lineWidth>
<points>
<point x="385" y="131"/>
<point x="385" y="485"/>
</points>
</Connector>
<Connector class="oracle.dbtools.crest.swingui.logical.TVRelation" oid="D6DBF44E-3CBF-2C50-0941-A5317CFF4F7B" otype="Relation" vid_source="165FA80D-F786-7C33-12A4-9FB90860B59F" vid_target="9DEBDE72-FDE1-9219-27C3-ACEFAD76F307">
<hideElementsInCurrentOnly>false</hideElementsInCurrentOnly>
<backgroundColor>-16777216</backgroundColor>
<lineWidth>1</lineWidth>
<points>
<point x="898" y="689"/>
<point x="898" y="616"/>
</points>
</Connector>
<Connector class="oracle.dbtools.crest.swingui.logical.TVRelation" oid="E639AE30-CDEA-0951-082C-6B0C2339522A" otype="Relation" vid_source="650801A4-7689-4E9D-C63B-6E967BAEFAE5" vid_target="44C8AB27-DC3F-45D1-92D6-725F18DE4B52">
<hideElementsInCurrentOnly>false</hideElementsInCurrentOnly>
<backgroundColor>-16777216</backgroundColor>
<lineWidth>1</lineWidth>
<points>
<point x="395" y="493"/>
<point x="305" y="493"/>
</points>
</Connector>
<Connector class="oracle.dbtools.crest.swingui.logical.TVRelation" oid="E9200014-C3AF-FF6C-0DEF-579198C3C682" otype="Relation" vid_source="B507D7EA-0A81-8D11-F769-C03196E8D43E" vid_target="BE8EBAE0-58FC-80A9-2304-910F2F0CA05C">
<hideElementsInCurrentOnly>false</hideElementsInCurrentOnly>
<backgroundColor>-16777216</backgroundColor>
<lineWidth>1</lineWidth>
<points>
<point x="436" y="63"/>
<point x="549" y="63"/>
</points>
</Connector>
<Connector class="oracle.dbtools.crest.swingui.logical.TVRelation" oid="EF3DB758-9C71-C0B3-336E-D1913EE52283" otype="Relation" vid_source="B507D7EA-0A81-8D11-F769-C03196E8D43E" vid_target="E4F44AD0-D442-FF7D-C86C-F40DBA02CB4C">
<hideElementsInCurrentOnly>false</hideElementsInCurrentOnly>
<backgroundColor>-16777216</backgroundColor>
<lineWidth>1</lineWidth>
<points>
<point x="467" y="415"/>
<point x="527" y="415"/>
</points>
</Connector>
<Connector class="oracle.dbtools.crest.swingui.logical.TVRelation" oid="EFFE6144-F18C-5423-3D7D-7B6C6BCB5678" otype="Relation" vid_source="EB2BF60F-E61A-D099-70DC-1CE71F3D4190" vid_target="9DEBDE72-FDE1-9219-27C3-ACEFAD76F307">
<hideElementsInCurrentOnly>false</hideElementsInCurrentOnly>
<backgroundColor>-16777216</backgroundColor>
<lineWidth>1</lineWidth>
<points>
<point x="324" y="396"/>
<point x="872" y="538"/>
</points>
</Connector>
</connectors>
</Diagram>