<?xml version = '1.0' encoding = 'UTF-8'?>
<Table class="oracle.dbtools.crest.model.design.relational.Table" directorySegmentName="seg_0" id="03DA8689-9970-8C16-2FB4-9072159D464D" name="ReservaSpa">
<createdBy>57313</createdBy>
<createdTime>2023-10-01 05:42:27 UTC</createdTime>
<generatorID>B77A5001-7A44-0032-16D3-5956D14C2880</generatorID>
<ownerDesignName>modelohotel</ownerDesignName>
<allowColumnReorder>false</allowColumnReorder>
<existDependencyGenerateInDDl>true</existDependencyGenerateInDDl>
<parsed>true</parsed>
<columns itemClass="oracle.dbtools.crest.model.design.relational.Column">
<Column name="costo" id="5563B305-FDF2-F84E-0D29-DD97393E069C">
<createdBy>57313</createdBy>
<createdTime>2023-10-01 05:42:27 UTC</createdTime>
<generatorID>774D63D9-0F57-D1C4-A9D5-ED1B82C30856</generatorID>
<ownerDesignName>modelohotel</ownerDesignName>
<nullsAllowed>true</nullsAllowed>
<useDomainConstraints>false</useDomainConstraints>
<use>1</use>
<logicalDatatype>LOGDT020</logicalDatatype>
<ownDataTypeParameters>,,</ownDataTypeParameters>
<autoIncrementCycle>false</autoIncrementCycle>
</Column>
<Column name="horaInicio" id="9F0A9172-40F7-4400-6A4D-6B2407879186">
<createdBy>57313</createdBy>
<createdTime>2023-10-01 05:42:27 UTC</createdTime>
<generatorID>BDBC521E-EC6D-1313-CC1A-FC76EF687EFC</generatorID>
<ownerDesignName>modelohotel</ownerDesignName>
<nullsAllowed>true</nullsAllowed>
<useDomainConstraints>false</useDomainConstraints>
<use>1</use>
<logicalDatatype>LOGDT024</logicalDatatype>
<dataTypeSize>255 BYTE</dataTypeSize>
<ownDataTypeParameters>255 BYTE,,</ownDataTypeParameters>
<autoIncrementCycle>false</autoIncrementCycle>
</Column>
<Column name="dia" id="6438C498-1925-3E3A-341E-F241D9D5621A">
<createdBy>57313</createdBy>
<createdTime>2023-10-01 05:42:27 UTC</createdTime>
<generatorID>201D70A6-ED43-D08D-8E7A-DBF9677EB030</generatorID>
<ownerDesignName>modelohotel</ownerDesignName>
<nullsAllowed>true</nullsAllowed>
<useDomainConstraints>false</useDomainConstraints>
<use>1</use>
<logicalDatatype>LOGDT024</logicalDatatype>
<dataTypeSize>dia BYTE</dataTypeSize>
<ownDataTypeParameters>dia BYTE,,</ownDataTypeParameters>
<autoIncrementCycle>false</autoIncrementCycle>
</Column>
<Column name="Spa_id" id="FB71012F-FAF4-EEC5-7917-73BFBC0A946E">
<createdBy>57313</createdBy>
<createdTime>2023-10-01 05:42:27 UTC</createdTime>
<generatorID>C99E7317-A973-40A6-8439-6EF218E0BD9F</generatorID>
<ownerDesignName>modelohotel</ownerDesignName>
<useDomainConstraints>false</useDomainConstraints>
<use>1</use>
<logicalDatatype>LOGDT019</logicalDatatype>
<ownDataTypeParameters>,,</ownDataTypeParameters>
<previousColumn>false</previousColumn>
<autoIncrementCycle>false</autoIncrementCycle>
<associations>
<colAssociation fkAssociation="582F6121-2F0F-E10A-7BD6-E67700C9E7ED" referredColumn="6D869DD3-7A7D-C99A-F963-C0476545B5C5"/>
</associations>
</Column>
<Column name="Cuenta_Habitacion_id" id="86BD4EB4-903C-57E0-78A2-AD5607189F8C">
<createdBy>57313</createdBy>
<createdTime>2023-10-01 05:42:27 UTC</createdTime>
<generatorID>2FEC625A-F77E-8A2D-AB9A-75FDF00141BF</generatorID>
<ownerDesignName>modelohotel</ownerDesignName>
<useDomainConstraints>false</useDomainConstraints>
<use>1</use>
<logicalDatatype>LOGDT019</logicalDatatype>
<ownDataTypeParameters>,,</ownDataTypeParameters>
<previousColumn>false</previousColumn>
<autoIncrementCycle>false</autoIncrementCycle>
<associations>
<colAssociation fkAssociation="C4FFD4A5-A217-DF9E-0F34-5CA12F3C158B" referredColumn="55DCD8FB-58C4-A006-D5A3-47DF3DD4EFBA"/>
</associations>
</Column>
</columns>
<indexes itemClass="oracle.dbtools.crest.model.design.relational.Index">
<ind_PK_UK id="A6D18EEF-5FB1-4648-01C3-CB6E3D4F01D4" name="ReservaSpa_PK">
<createdBy>57313</createdBy>
<createdTime>2023-10-01 05:42:27 UTC</createdTime>
<generatorID>0B9AC276-24BB-CE84-D2C7-CE1F939A7BB6</generatorID>
<ownerDesignName>modelohotel</ownerDesignName>
<pk>true</pk>
<indexState>Primary Constraint</indexState>
<isSurrogateKey>false</isSurrogateKey>
<indexColumnUsage>
<colUsage columnID="FB71012F-FAF4-EEC5-7917-73BFBC0A946E"/>
<colUsage columnID="86BD4EB4-903C-57E0-78A2-AD5607189F8C"/>
</indexColumnUsage>
</ind_PK_UK>
<ind_PK_UK id="A03C3280-8129-4AEA-E981-FC44150047CC" name="ReservaSpa_Spa_FK">
<createdBy>57313</createdBy>
<createdTime>2023-10-01 05:42:27 UTC</createdTime>
<generatorID>8501A0DF-C4C3-1075-524C-8252227662BA</generatorID>
<ownerDesignName>modelohotel</ownerDesignName>
<indexState>Foreign Key</indexState>
<isSurrogateKey>false</isSurrogateKey>
<indexColumnUsage>
<colUsage columnID="FB71012F-FAF4-EEC5-7917-73BFBC0A946E"/>
</indexColumnUsage>
</ind_PK_UK>
<ind_PK_UK id="0F3EA710-091A-CD1C-677F-0D815B1E30A3" name="ReservaSpa_Cuenta_FK">
<createdBy>57313</createdBy>
<createdTime>2023-10-01 05:42:27 UTC</createdTime>
<generatorID>9DB15BAC-A7B9-DE33-567F-00F3303B1D29</generatorID>
<ownerDesignName>modelohotel</ownerDesignName>
<indexState>Foreign Key</indexState>
<isSurrogateKey>false</isSurrogateKey>
<indexColumnUsage>
<colUsage columnID="86BD4EB4-903C-57E0-78A2-AD5607189F8C"/>
</indexColumnUsage>
</ind_PK_UK>
</indexes>
</Table>