<?xml version = '1.0' encoding = 'UTF-8'?>
<Table class="oracle.dbtools.crest.model.design.relational.Table" directorySegmentName="seg_0" id="2C35ECC4-5CDA-335E-BDA1-D2B80ED2F483" name="Spa">
<createdBy>57313</createdBy>
<createdTime>2023-10-01 05:42:27 UTC</createdTime>
<generatorID>CC0B3796-DBD9-FAA4-F773-21E7E4B7EC76</generatorID>
<ownerDesignName>modelohotel</ownerDesignName>
<allowColumnReorder>false</allowColumnReorder>
<existDependencyGenerateInDDl>true</existDependencyGenerateInDDl>
<parsed>true</parsed>
<columns itemClass="oracle.dbtools.crest.model.design.relational.Column">
<Column name="id" id="6D869DD3-7A7D-C99A-F963-C0476545B5C5">
<createdBy>57313</createdBy>
<createdTime>2023-10-01 05:42:27 UTC</createdTime>
<generatorID>D006A304-3F7B-2E92-BCEB-9B232CBBE71E</generatorID>
<ownerDesignName>modelohotel</ownerDesignName>
<useDomainConstraints>false</useDomainConstraints>
<use>1</use>
<logicalDatatype>LOGDT019</logicalDatatype>
<ownDataTypeParameters>,,</ownDataTypeParameters>
<autoIncrementCycle>false</autoIncrementCycle>
</Column>
<Column name="horaInicio" id="6E15CAD8-1D2B-3EDF-FC64-82431ABC437D">
<createdBy>57313</createdBy>
<createdTime>2023-10-01 05:42:27 UTC</createdTime>
<generatorID>49F5A7CB-509E-7785-6652-F67B7D3259B5</generatorID>
<ownerDesignName>modelohotel</ownerDesignName>
<nullsAllowed>true</nullsAllowed>
<useDomainConstraints>false</useDomainConstraints>
<use>1</use>
<logicalDatatype>LOGDT024</logicalDatatype>
<dataTypeSize>255 BYTE</dataTypeSize>
<ownDataTypeParameters>255 BYTE,,</ownDataTypeParameters>
<autoIncrementCycle>false</autoIncrementCycle>
</Column>
<Column name="horaFin" id="F4A1DAC6-E294-6726-AEFE-7EEB1F83C594">
<createdBy>57313</createdBy>
<createdTime>2023-10-01 05:42:27 UTC</createdTime>
<generatorID>E134E3B9-ABDE-A61E-8C8D-92424BE5AFAC</generatorID>
<ownerDesignName>modelohotel</ownerDesignName>
<nullsAllowed>true</nullsAllowed>
<useDomainConstraints>false</useDomainConstraints>
<use>1</use>
<logicalDatatype>LOGDT024</logicalDatatype>
<dataTypeSize>255 BYTE</dataTypeSize>
<ownDataTypeParameters>255 BYTE,,</ownDataTypeParameters>
<autoIncrementCycle>false</autoIncrementCycle>
</Column>
</columns>
<indexes itemClass="oracle.dbtools.crest.model.design.relational.Index">
<ind_PK_UK id="63CBCB2C-D929-BB6C-1FCB-F3A6E878E061" name="Spa_PK">
<createdBy>57313</createdBy>
<createdTime>2023-10-01 05:42:27 UTC</createdTime>
<generatorID>49A8026A-9A5E-52E3-5AD5-8A89B7433D00</generatorID>
<ownerDesignName>modelohotel</ownerDesignName>
<pk>true</pk>
<indexState>Primary Constraint</indexState>
<isSurrogateKey>false</isSurrogateKey>
<indexColumnUsage>
<colUsage columnID="6D869DD3-7A7D-C99A-F963-C0476545B5C5"/>
</indexColumnUsage>
</ind_PK_UK>
</indexes>
</Table>