<?xml version = '1.0' encoding = 'UTF-8'?>
<Table class="oracle.dbtools.crest.model.design.relational.Table" directorySegmentName="seg_0" id="3448E7C4-264A-AC2B-1C4C-9869CC143255" name="Tienda">
<createdBy>57313</createdBy>
<createdTime>2023-10-01 05:42:27 UTC</createdTime>
<generatorID>6A5E5D61-0046-3FDC-42F4-98B8B9ED19A5</generatorID>
<ownerDesignName>modelohotel</ownerDesignName>
<allowColumnReorder>false</allowColumnReorder>
<existDependencyGenerateInDDl>true</existDependencyGenerateInDDl>
<parsed>true</parsed>
<columns itemClass="oracle.dbtools.crest.model.design.relational.Column">
<Column name="tipo" id="31170651-2504-13CA-0256-CF64DE575A54">
<createdBy>57313</createdBy>
<createdTime>2023-10-01 05:42:27 UTC</createdTime>
<generatorID>A8CEE6DC-F723-D924-4065-CE8F0E2C2890</generatorID>
<ownerDesignName>modelohotel</ownerDesignName>
<nullsAllowed>true</nullsAllowed>
<useDomainConstraints>false</useDomainConstraints>
<use>1</use>
<logicalDatatype>LOGDT024</logicalDatatype>
<dataTypeSize>255 BYTE</dataTypeSize>
<ownDataTypeParameters>255 BYTE,,</ownDataTypeParameters>
<autoIncrementCycle>false</autoIncrementCycle>
</Column>
<Column name="Servicio_id" id="C6347DDB-7241-C3EA-CF02-54E684ECF3A2">
<createdBy>57313</createdBy>
<createdTime>2023-10-01 05:42:27 UTC</createdTime>
<generatorID>2E7B763D-2AD8-FDFA-82FC-5470559BF2F3</generatorID>
<ownerDesignName>modelohotel</ownerDesignName>
<useDomainConstraints>false</useDomainConstraints>
<use>1</use>
<logicalDatatype>LOGDT019</logicalDatatype>
<ownDataTypeParameters>,,</ownDataTypeParameters>
<previousColumn>false</previousColumn>
<autoIncrementCycle>false</autoIncrementCycle>
<associations>
<colAssociation fkAssociation="79EF05C0-24BD-C9ED-4F32-2E35EB983CBC" referredColumn="84A14D2C-9E04-5559-6924-986F202C2719"/>
</associations>
</Column>
<Column name="Tienda_ID" id="1671D79E-CCEE-345A-6AFD-10EE7CC8CD86">
<createdBy>57313</createdBy>
<createdTime>2023-10-01 05:42:27 UTC</createdTime>
<ownerDesignName>modelohotel</ownerDesignName>
<useDomainConstraints>false</useDomainConstraints>
<use>1</use>
<logicalDatatype>LOGDT019</logicalDatatype>
<ownDataTypeParameters>,,</ownDataTypeParameters>
<autoIncrementColumn>true</autoIncrementColumn>
<identityColumn>true</identityColumn>
<autoIncrementCycle>false</autoIncrementCycle>
<isSurrogateColumn>true</isSurrogateColumn>
</Column>
</columns>
<indexes itemClass="oracle.dbtools.crest.model.design.relational.Index">
<ind_PK_UK id="C2AB79E5-21B1-A482-2037-E83A471ED247" name="Tienda_PK">
<createdBy>57313</createdBy>
<createdTime>2023-10-01 05:42:27 UTC</createdTime>
<ownerDesignName>modelohotel</ownerDesignName>
<pk>true</pk>
<indexState>Primary Constraint</indexState>
<indexColumnUsage>
<colUsage columnID="1671D79E-CCEE-345A-6AFD-10EE7CC8CD86"/>
</indexColumnUsage>
</ind_PK_UK>
<ind_PK_UK id="F7DAC8D1-C96B-069C-31F4-EDB0F3B42036" name="Tienda__IDX">
<createdBy>57313</createdBy>
<createdTime>2023-10-01 05:42:27 UTC</createdTime>
<ownerDesignName>modelohotel</ownerDesignName>
<indexState>Unique Plain Index</indexState>
<isSurrogateKey>false</isSurrogateKey>
<relationGeneratorID>0E7BE639-EA46-75A6-B35B-9F735BD8537F</relationGeneratorID>
<indexColumnUsage>
<colUsage columnID="C6347DDB-7241-C3EA-CF02-54E684ECF3A2"/>
</indexColumnUsage>
</ind_PK_UK>
<ind_PK_UK id="4E36AECE-FEC3-E4ED-A5D0-93E4B58E6C76" name="Tienda_Servicio_FK">
<createdBy>57313</createdBy>
<createdTime>2023-10-01 05:42:27 UTC</createdTime>
<generatorID>0E7BE639-EA46-75A6-B35B-9F735BD8537F</generatorID>
<ownerDesignName>modelohotel</ownerDesignName>
<indexState>Foreign Key</indexState>
<isSurrogateKey>false</isSurrogateKey>
<indexColumnUsage>
<colUsage columnID="C6347DDB-7241-C3EA-CF02-54E684ECF3A2"/>
</indexColumnUsage>
</ind_PK_UK>
</indexes>
</Table>