<?xml version = '1.0' encoding = 'UTF-8'?>
<Table class="oracle.dbtools.crest.model.design.relational.Table" directorySegmentName="seg_0" id="4069893A-AC3E-C04D-E987-D9C6A4AB6AD3" name="Servicio">
<createdBy>57313</createdBy>
<createdTime>2023-10-01 05:42:27 UTC</createdTime>
<generatorID>F5C46F76-05DE-9C6B-7418-43576DA99149</generatorID>
<ownerDesignName>modelohotel</ownerDesignName>
<allowColumnReorder>false</allowColumnReorder>
<existDependencyGenerateInDDl>true</existDependencyGenerateInDDl>
<parsed>true</parsed>
<columns itemClass="oracle.dbtools.crest.model.design.relational.Column">
<Column name="id" id="84A14D2C-9E04-5559-6924-986F202C2719">
<createdBy>57313</createdBy>
<createdTime>2023-10-01 05:42:27 UTC</createdTime>
<generatorID>5509F7F7-0DF2-807C-8FE4-BFEAF5B00F9A</generatorID>
<ownerDesignName>modelohotel</ownerDesignName>
<useDomainConstraints>false</useDomainConstraints>
<use>1</use>
<logicalDatatype>LOGDT019</logicalDatatype>
<ownDataTypeParameters>,,</ownDataTypeParameters>
<autoIncrementCycle>false</autoIncrementCycle>
</Column>
<Column name="costo" id="F78D87FE-742C-135F-B395-5730C2B5180F">
<createdBy>57313</createdBy>
<createdTime>2023-10-01 05:42:27 UTC</createdTime>
<generatorID>5FAE016B-C6C0-CEEA-D094-38608C7B11F5</generatorID>
<ownerDesignName>modelohotel</ownerDesignName>
<nullsAllowed>true</nullsAllowed>
<useDomainConstraints>false</useDomainConstraints>
<use>1</use>
<logicalDatatype>LOGDT020</logicalDatatype>
<ownDataTypeParameters>,,</ownDataTypeParameters>
<autoIncrementCycle>false</autoIncrementCycle>
</Column>
<Column name="Cuenta_Habitacion_id" id="10168D75-A404-5D05-2372-97BD515404FD">
<createdBy>57313</createdBy>
<createdTime>2023-10-01 05:42:27 UTC</createdTime>
<generatorID>462FCEB3-F660-B170-5563-FE7C933B070C</generatorID>
<ownerDesignName>modelohotel</ownerDesignName>
<useDomainConstraints>false</useDomainConstraints>
<use>1</use>
<logicalDatatype>LOGDT019</logicalDatatype>
<ownDataTypeParameters>,,</ownDataTypeParameters>
<previousColumn>false</previousColumn>
<autoIncrementCycle>false</autoIncrementCycle>
<associations>
<colAssociation fkAssociation="79FD4485-94E9-D462-BF57-6D1E2DB52FC7" referredColumn="55DCD8FB-58C4-A006-D5A3-47DF3DD4EFBA"/>
</associations>
</Column>
<Column name="Piscina_Piscina_ID" id="F4BDD814-3374-6B6A-2A40-AEA37BC25441">
<createdBy>57313</createdBy>
<createdTime>2023-10-01 05:42:27 UTC</createdTime>
<ownerDesignName>modelohotel</ownerDesignName>
<useDomainConstraints>false</useDomainConstraints>
<use>1</use>
<logicalDatatype>LOGDT019</logicalDatatype>
<ownDataTypeParameters>,,</ownDataTypeParameters>
<previousColumn>false</previousColumn>
<autoIncrementCycle>false</autoIncrementCycle>
<associations>
<colAssociation fkAssociation="BCB0BB85-B3EB-3B64-32CD-2E912441A752" referredColumn="76DA5900-6638-AA20-CC27-340EDD989AC9"/>
</associations>
</Column>
<Column name="Internet_Internet_ID" id="A2546F7C-DFEF-1559-CAE6-0CD6766A2756">
<createdBy>57313</createdBy>
<createdTime>2023-10-01 05:42:27 UTC</createdTime>
<ownerDesignName>modelohotel</ownerDesignName>
<useDomainConstraints>false</useDomainConstraints>
<use>1</use>
<logicalDatatype>LOGDT019</logicalDatatype>
<ownDataTypeParameters>,,</ownDataTypeParameters>
<previousColumn>false</previousColumn>
<autoIncrementCycle>false</autoIncrementCycle>
<associations>
<colAssociation fkAssociation="C18F2D14-F7B7-9181-67BC-7C6449D2A672" referredColumn="518C6D6F-00C2-0E92-9831-280F0E3905F8"/>
</associations>
</Column>
<Column name="Gimnasio_Gimnasio_ID" id="41BBDEF7-8DBE-CBD6-E9A1-50C5A20FBFA5">
<createdBy>57313</createdBy>
<createdTime>2023-10-01 05:42:27 UTC</createdTime>
<ownerDesignName>modelohotel</ownerDesignName>
<useDomainConstraints>false</useDomainConstraints>
<use>1</use>
<logicalDatatype>LOGDT019</logicalDatatype>
<ownDataTypeParameters>,,</ownDataTypeParameters>
<previousColumn>false</previousColumn>
<autoIncrementCycle>false</autoIncrementCycle>
<associations>
<colAssociation fkAssociation="86BF6A59-89D5-FBE6-606C-2A0B996AEC1C" referredColumn="FCA85D60-12E7-3AD8-7D15-990EA452B263"/>
</associations>
</Column>
</columns>
<indexes itemClass="oracle.dbtools.crest.model.design.relational.Index">
<ind_PK_UK id="671153EB-5AC6-6786-18F1-251BFCA3BE36" name="Servicio_PK">
<createdBy>57313</createdBy>
<createdTime>2023-10-01 05:42:27 UTC</createdTime>
<generatorID>C252F757-6898-90E2-1B86-AA30729077B1</generatorID>
<ownerDesignName>modelohotel</ownerDesignName>
<pk>true</pk>
<indexState>Primary Constraint</indexState>
<isSurrogateKey>false</isSurrogateKey>
<indexColumnUsage>
<colUsage columnID="84A14D2C-9E04-5559-6924-986F202C2719"/>
</indexColumnUsage>
</ind_PK_UK>
<ind_PK_UK id="DD7B21F3-5F64-BA7A-7187-B640FA223A52" name="Servicio__IDX">
<createdBy>57313</createdBy>
<createdTime>2023-10-01 05:42:27 UTC</createdTime>
<ownerDesignName>modelohotel</ownerDesignName>
<indexState>Unique Plain Index</indexState>
<isSurrogateKey>false</isSurrogateKey>
<relationGeneratorID>D6DBF44E-3CBF-2C50-0941-A5317CFF4F7B</relationGeneratorID>
<indexColumnUsage>
<colUsage columnID="F4BDD814-3374-6B6A-2A40-AEA37BC25441"/>
</indexColumnUsage>
</ind_PK_UK>
<ind_PK_UK id="E1EEBFD1-9276-4DDA-6AA4-651DF9DD7BF7" name="Servicio__IDXv1">
<createdBy>57313</createdBy>
<createdTime>2023-10-01 05:42:27 UTC</createdTime>
<ownerDesignName>modelohotel</ownerDesignName>
<indexState>Unique Plain Index</indexState>
<isSurrogateKey>false</isSurrogateKey>
<relationGeneratorID>EFFE6144-F18C-5423-3D7D-7B6C6BCB5678</relationGeneratorID>
<indexColumnUsage>
<colUsage columnID="A2546F7C-DFEF-1559-CAE6-0CD6766A2756"/>
</indexColumnUsage>
</ind_PK_UK>
<ind_PK_UK id="ECC4D274-4D55-6824-D8C0-185F6535188C" name="Servicio__IDXv2">
<createdBy>57313</createdBy>
<createdTime>2023-10-01 05:42:27 UTC</createdTime>
<ownerDesignName>modelohotel</ownerDesignName>
<indexState>Unique Plain Index</indexState>
<isSurrogateKey>false</isSurrogateKey>
<relationGeneratorID>C84798FE-D95B-03A2-8CBC-38D87730D9B5</relationGeneratorID>
<indexColumnUsage>
<colUsage columnID="41BBDEF7-8DBE-CBD6-E9A1-50C5A20FBFA5"/>
</indexColumnUsage>
</ind_PK_UK>
<ind_PK_UK id="69D6DFDE-0145-A39B-BC4E-BBA49CB02A26" name="Servicio_Cuenta_FK">
<createdBy>57313</createdBy>
<createdTime>2023-10-01 05:42:27 UTC</createdTime>
<generatorID>6597F5F2-2F88-3F5F-BB0A-8265DD46AAF3</generatorID>
<ownerDesignName>modelohotel</ownerDesignName>
<indexState>Foreign Key</indexState>
<isSurrogateKey>false</isSurrogateKey>
<indexColumnUsage>
<colUsage columnID="10168D75-A404-5D05-2372-97BD515404FD"/>
</indexColumnUsage>
</ind_PK_UK>
<ind_PK_UK id="542D6EBB-6229-5AC2-4609-70EB3A021CAC" name="Servicio_Piscina_FK">
<createdBy>57313</createdBy>
<createdTime>2023-10-01 05:42:27 UTC</createdTime>
<generatorID>D6DBF44E-3CBF-2C50-0941-A5317CFF4F7B</generatorID>
<ownerDesignName>modelohotel</ownerDesignName>
<indexState>Foreign Key</indexState>
<isSurrogateKey>false</isSurrogateKey>
<indexColumnUsage>
<colUsage columnID="F4BDD814-3374-6B6A-2A40-AEA37BC25441"/>
</indexColumnUsage>
</ind_PK_UK>
<ind_PK_UK id="98278E0C-0236-FE6D-CB4F-E347285687F7" name="Servicio_Internet_FK">
<createdBy>57313</createdBy>
<createdTime>2023-10-01 05:42:27 UTC</createdTime>
<generatorID>EFFE6144-F18C-5423-3D7D-7B6C6BCB5678</generatorID>
<ownerDesignName>modelohotel</ownerDesignName>
<indexState>Foreign Key</indexState>
<isSurrogateKey>false</isSurrogateKey>
<indexColumnUsage>
<colUsage columnID="A2546F7C-DFEF-1559-CAE6-0CD6766A2756"/>
</indexColumnUsage>
</ind_PK_UK>
<ind_PK_UK id="F2FA5905-195B-9C4D-8565-F56E41B093C8" name="Servicio_Gimnasio_FK">
<createdBy>57313</createdBy>
<createdTime>2023-10-01 05:42:27 UTC</createdTime>
<generatorID>C84798FE-D95B-03A2-8CBC-38D87730D9B5</generatorID>
<ownerDesignName>modelohotel</ownerDesignName>
<indexState>Foreign Key</indexState>
<isSurrogateKey>false</isSurrogateKey>
<indexColumnUsage>
<colUsage columnID="41BBDEF7-8DBE-CBD6-E9A1-50C5A20FBFA5"/>
</indexColumnUsage>
</ind_PK_UK>
</indexes>
</Table>