<?xml version = '1.0' encoding = 'UTF-8'?>
<Table class="oracle.dbtools.crest.model.design.relational.Table" directorySegmentName="seg_0" id="65F4436C-A542-3240-28C7-F85D2CB5FE4D" name="ReservaSalon">
<createdBy>57313</createdBy>
<createdTime>2023-10-01 05:42:27 UTC</createdTime>
<generatorID>5D37CBC5-6F12-EDA1-5AF6-0CDF525ED2E6</generatorID>
<ownerDesignName>modelohotel</ownerDesignName>
<allowColumnReorder>false</allowColumnReorder>
<existDependencyGenerateInDDl>true</existDependencyGenerateInDDl>
<parsed>true</parsed>
<columns itemClass="oracle.dbtools.crest.model.design.relational.Column">
<Column name="horaInicio" id="492E2D35-8669-B66A-BBB3-4EBA1BC41406">
<createdBy>57313</createdBy>
<createdTime>2023-10-01 05:42:27 UTC</createdTime>
<generatorID>F6631D2F-FBF7-2116-6D90-A7C19CECCA35</generatorID>
<ownerDesignName>modelohotel</ownerDesignName>
<nullsAllowed>true</nullsAllowed>
<useDomainConstraints>false</useDomainConstraints>
<use>1</use>
<logicalDatatype>LOGDT024</logicalDatatype>
<dataTypeSize>255 BYTE</dataTypeSize>
<ownDataTypeParameters>255 BYTE,,</ownDataTypeParameters>
<autoIncrementCycle>false</autoIncrementCycle>
</Column>
<Column name="dia" id="C6C54C4F-E2C2-84E2-4ADC-5E8070AF9DD7">
<createdBy>57313</createdBy>
<createdTime>2023-10-01 05:42:27 UTC</createdTime>
<generatorID>CB100784-D004-B04D-7FD0-4E5E6A867BC6</generatorID>
<ownerDesignName>modelohotel</ownerDesignName>
<nullsAllowed>true</nullsAllowed>
<useDomainConstraints>false</useDomainConstraints>
<use>1</use>
<logicalDatatype>LOGDT024</logicalDatatype>
<dataTypeSize>255 BYTE</dataTypeSize>
<ownDataTypeParameters>255 BYTE,,</ownDataTypeParameters>
<autoIncrementCycle>false</autoIncrementCycle>
</Column>
<Column name="duracion" id="158160B9-8B08-170F-A29D-D499BA59488C">
<createdBy>57313</createdBy>
<createdTime>2023-10-01 05:42:27 UTC</createdTime>
<generatorID>26FFAA2B-6605-0DF9-D666-8D4408622E02</generatorID>
<ownerDesignName>modelohotel</ownerDesignName>
<nullsAllowed>true</nullsAllowed>
<useDomainConstraints>false</useDomainConstraints>
<use>1</use>
<logicalDatatype>LOGDT011</logicalDatatype>
<ownDataTypeParameters>,,</ownDataTypeParameters>
<autoIncrementCycle>false</autoIncrementCycle>
</Column>
<Column name="Salon_id" id="510C7341-77F0-0578-BD7A-81806C9DDCC2">
<createdBy>57313</createdBy>
<createdTime>2023-10-01 05:42:27 UTC</createdTime>
<generatorID>8F0875C9-DE3D-104C-EE42-F6DF8B273652</generatorID>
<ownerDesignName>modelohotel</ownerDesignName>
<useDomainConstraints>false</useDomainConstraints>
<use>1</use>
<logicalDatatype>LOGDT019</logicalDatatype>
<ownDataTypeParameters>,,</ownDataTypeParameters>
<previousColumn>false</previousColumn>
<autoIncrementCycle>false</autoIncrementCycle>
<associations>
<colAssociation fkAssociation="AA899F73-9EF0-2C77-EEE4-A551650AAF8E" referredColumn="8144C956-88EE-29D0-264D-DB758037DC87"/>
</associations>
</Column>
<Column name="Cuenta_Habitacion_id" id="B0E5B420-8D10-22D6-DC2F-7000A031431D">
<createdBy>57313</createdBy>
<createdTime>2023-10-01 05:42:27 UTC</createdTime>
<generatorID>4CD52763-EB79-88EB-C873-9740FF044926</generatorID>
<ownerDesignName>modelohotel</ownerDesignName>
<useDomainConstraints>false</useDomainConstraints>
<use>1</use>
<logicalDatatype>LOGDT019</logicalDatatype>
<ownDataTypeParameters>,,</ownDataTypeParameters>
<previousColumn>false</previousColumn>
<autoIncrementCycle>false</autoIncrementCycle>
<associations>
<colAssociation fkAssociation="5B210A16-9352-2774-6864-9933F3FEA0B6" referredColumn="55DCD8FB-58C4-A006-D5A3-47DF3DD4EFBA"/>
</associations>
</Column>
</columns>
<indexes itemClass="oracle.dbtools.crest.model.design.relational.Index">
<ind_PK_UK id="77CB897A-B717-E1C6-505E-16DD15F1DC82" name="ReservaSalon_PK">
<createdBy>57313</createdBy>
<createdTime>2023-10-01 05:42:27 UTC</createdTime>
<generatorID>60E37C60-35E9-20EB-5A93-6AED851374BA</generatorID>
<ownerDesignName>modelohotel</ownerDesignName>
<pk>true</pk>
<indexState>Primary Constraint</indexState>
<isSurrogateKey>false</isSurrogateKey>
<indexColumnUsage>
<colUsage columnID="B0E5B420-8D10-22D6-DC2F-7000A031431D"/>
</indexColumnUsage>
</ind_PK_UK>
<ind_PK_UK id="B7B8009D-D4B2-3EDF-040F-A5E53CAA8A22" name="ReservaSalon_Salon_FK">
<createdBy>57313</createdBy>
<createdTime>2023-10-01 05:42:27 UTC</createdTime>
<generatorID>C3F01E92-3E76-C69C-48AA-6DF1124E380F</generatorID>
<ownerDesignName>modelohotel</ownerDesignName>
<indexState>Foreign Key</indexState>
<isSurrogateKey>false</isSurrogateKey>
<indexColumnUsage>
<colUsage columnID="510C7341-77F0-0578-BD7A-81806C9DDCC2"/>
</indexColumnUsage>
</ind_PK_UK>
<ind_PK_UK id="3E5F80DC-0DE2-F724-9016-696413BDE0AF" name="ReservaSalon_Cuenta_FK">
<createdBy>57313</createdBy>
<createdTime>2023-10-01 05:42:27 UTC</createdTime>
<generatorID>0F4F1F38-4A2B-243B-F25D-D804A0B6E63C</generatorID>
<ownerDesignName>modelohotel</ownerDesignName>
<indexState>Foreign Key</indexState>
<isSurrogateKey>false</isSurrogateKey>
<indexColumnUsage>
<colUsage columnID="B0E5B420-8D10-22D6-DC2F-7000A031431D"/>
</indexColumnUsage>
</ind_PK_UK>
</indexes>
</Table>