<?xml version = '1.0' encoding = 'UTF-8'?>
<Table class="oracle.dbtools.crest.model.design.relational.Table" directorySegmentName="seg_0" id="8FB9B540-E140-59EC-8B33-91AAAAB612A3" name="Producto">
<createdBy>57313</createdBy>
<createdTime>2023-10-01 05:42:27 UTC</createdTime>
<generatorID>E37919DD-0A96-CCD3-3931-975BCD80156C</generatorID>
<ownerDesignName>modelohotel</ownerDesignName>
<allowColumnReorder>false</allowColumnReorder>
<existDependencyGenerateInDDl>true</existDependencyGenerateInDDl>
<parsed>true</parsed>
<columns itemClass="oracle.dbtools.crest.model.design.relational.Column">
<Column name="id" id="50A7725B-272A-635A-E092-1140654DA6F1">
<createdBy>57313</createdBy>
<createdTime>2023-10-01 05:42:27 UTC</createdTime>
<generatorID>482EFAB6-4CF6-B30A-5C96-A7123B029A7C</generatorID>
<ownerDesignName>modelohotel</ownerDesignName>
<useDomainConstraints>false</useDomainConstraints>
<use>1</use>
<logicalDatatype>LOGDT019</logicalDatatype>
<ownDataTypeParameters>,,</ownDataTypeParameters>
<autoIncrementCycle>false</autoIncrementCycle>
</Column>
<Column name="nombre" id="111C0D83-3573-2067-B30E-A1EE1C9A6184">
<createdBy>57313</createdBy>
<createdTime>2023-10-01 05:42:27 UTC</createdTime>
<generatorID>18B2C8A2-EC84-6018-1701-592592E0AA0D</generatorID>
<ownerDesignName>modelohotel</ownerDesignName>
<nullsAllowed>true</nullsAllowed>
<useDomainConstraints>false</useDomainConstraints>
<use>1</use>
<logicalDatatype>LOGDT024</logicalDatatype>
<dataTypeSize>255 BYTE</dataTypeSize>
<ownDataTypeParameters>255 BYTE,,</ownDataTypeParameters>
<autoIncrementCycle>false</autoIncrementCycle>
</Column>
<Column name="precio" id="DAB2B081-ADAA-CA43-3783-105814F1EBF1">
<createdBy>57313</createdBy>
<createdTime>2023-10-01 05:42:27 UTC</createdTime>
<generatorID>910C5A45-02AA-8D02-9684-A3C907301784</generatorID>
<ownerDesignName>modelohotel</ownerDesignName>
<nullsAllowed>true</nullsAllowed>
<useDomainConstraints>false</useDomainConstraints>
<use>1</use>
<logicalDatatype>LOGDT020</logicalDatatype>
<ownDataTypeParameters>,,</ownDataTypeParameters>
<autoIncrementCycle>false</autoIncrementCycle>
</Column>
<Column name="Spa_id" id="FF6B41DD-1A1A-0C51-712D-4CF63589EEDF">
<createdBy>57313</createdBy>
<createdTime>2023-10-01 05:42:27 UTC</createdTime>
<generatorID>EBFE0E80-92C4-57E5-7D87-B47B45DBE279</generatorID>
<ownerDesignName>modelohotel</ownerDesignName>
<useDomainConstraints>false</useDomainConstraints>
<use>1</use>
<logicalDatatype>LOGDT019</logicalDatatype>
<ownDataTypeParameters>,,</ownDataTypeParameters>
<previousColumn>false</previousColumn>
<autoIncrementCycle>false</autoIncrementCycle>
<associations>
<colAssociation fkAssociation="352BD9E6-153C-58D3-0EA7-F8374F51BC33" referredColumn="6D869DD3-7A7D-C99A-F963-C0476545B5C5"/>
</associations>
</Column>
<Column name="Tienda_Tienda_ID" id="7937A9DB-89B4-8D4F-932D-7C45F593BAFE">
<createdBy>57313</createdBy>
<createdTime>2023-10-01 05:42:27 UTC</createdTime>
<ownerDesignName>modelohotel</ownerDesignName>
<useDomainConstraints>false</useDomainConstraints>
<use>1</use>
<logicalDatatype>LOGDT019</logicalDatatype>
<ownDataTypeParameters>,,</ownDataTypeParameters>
<previousColumn>false</previousColumn>
<autoIncrementCycle>false</autoIncrementCycle>
<associations>
<colAssociation fkAssociation="78AF7C4A-CAE7-06D1-0083-CA3BEFC2C09D" referredColumn="1671D79E-CCEE-345A-6AFD-10EE7CC8CD86"/>
</associations>
</Column>
<Column name="Local_Local_ID" id="545184E0-AFAB-AEBB-C083-18EAC86B8F39">
<createdBy>57313</createdBy>
<createdTime>2023-10-01 05:42:27 UTC</createdTime>
<ownerDesignName>modelohotel</ownerDesignName>
<useDomainConstraints>false</useDomainConstraints>
<use>1</use>
<logicalDatatype>LOGDT019</logicalDatatype>
<ownDataTypeParameters>,,</ownDataTypeParameters>
<previousColumn>false</previousColumn>
<autoIncrementCycle>false</autoIncrementCycle>
<associations>
<colAssociation fkAssociation="2629D57B-1217-A129-716A-D5FEC8435C9B" referredColumn="2418A3CC-25A4-E87F-CF10-9784DF7E1BA0"/>
</associations>
</Column>
</columns>
<indexes itemClass="oracle.dbtools.crest.model.design.relational.Index">
<ind_PK_UK id="4676BD36-419C-467F-E5E6-B4E589DCA62A" name="Producto_PK">
<createdBy>57313</createdBy>
<createdTime>2023-10-01 05:42:27 UTC</createdTime>
<generatorID>BE4A794C-0179-392C-ACF6-8DEAF5507BFA</generatorID>
<ownerDesignName>modelohotel</ownerDesignName>
<pk>true</pk>
<indexState>Primary Constraint</indexState>
<isSurrogateKey>false</isSurrogateKey>
<indexColumnUsage>
<colUsage columnID="50A7725B-272A-635A-E092-1140654DA6F1"/>
</indexColumnUsage>
</ind_PK_UK>
<ind_PK_UK id="94132FB2-30D4-3FA6-0EB1-58E398164D7C" name="Producto_Spa_FK">
<createdBy>57313</createdBy>
<createdTime>2023-10-01 05:42:27 UTC</createdTime>
<generatorID>515B755E-9C22-0374-898D-C11AE9F0C606</generatorID>
<ownerDesignName>modelohotel</ownerDesignName>
<indexState>Foreign Key</indexState>
<isSurrogateKey>false</isSurrogateKey>
<indexColumnUsage>
<colUsage columnID="FF6B41DD-1A1A-0C51-712D-4CF63589EEDF"/>
</indexColumnUsage>
</ind_PK_UK>
<ind_PK_UK id="1E1B0178-7D84-A8D8-F0CA-337D15763A62" name="Producto_Tienda_FK">
<createdBy>57313</createdBy>
<createdTime>2023-10-01 05:42:27 UTC</createdTime>
<generatorID>6BAAF401-87B6-F28F-8982-FF95BAF94B51</generatorID>
<ownerDesignName>modelohotel</ownerDesignName>
<indexState>Foreign Key</indexState>
<isSurrogateKey>false</isSurrogateKey>
<indexColumnUsage>
<colUsage columnID="7937A9DB-89B4-8D4F-932D-7C45F593BAFE"/>
</indexColumnUsage>
</ind_PK_UK>
<ind_PK_UK id="3B6A1BF0-D076-5D5B-2124-8D8E8365B95D" name="Producto_Local_FK">
<createdBy>57313</createdBy>
<createdTime>2023-10-01 05:42:27 UTC</createdTime>
<generatorID>A86C177B-62D6-DFE6-9F5D-1D353F8C24A6</generatorID>
<ownerDesignName>modelohotel</ownerDesignName>
<indexState>Foreign Key</indexState>
<isSurrogateKey>false</isSurrogateKey>
<indexColumnUsage>
<colUsage columnID="545184E0-AFAB-AEBB-C083-18EAC86B8F39"/>
</indexColumnUsage>
</ind_PK_UK>
</indexes>
</Table>