<?xml version = '1.0' encoding = 'UTF-8'?>
<Table class="oracle.dbtools.crest.model.design.relational.Table" directorySegmentName="seg_0" id="CBE485FE-F908-83FE-9CD5-2B7CBFAB7A0F" name="Local">
<createdBy>57313</createdBy>
<createdTime>2023-10-01 05:42:27 UTC</createdTime>
<generatorID>99B85ADB-10DD-5137-0D2F-AD27207F0614</generatorID>
<ownerDesignName>modelohotel</ownerDesignName>
<allowColumnReorder>false</allowColumnReorder>
<existDependencyGenerateInDDl>true</existDependencyGenerateInDDl>
<parsed>true</parsed>
<columns itemClass="oracle.dbtools.crest.model.design.relational.Column">
<Column name="tipo" id="CFA7BEFB-F387-AE5E-49E2-E548C2665568">
<createdBy>57313</createdBy>
<createdTime>2023-10-01 05:42:27 UTC</createdTime>
<generatorID>16242E7D-806D-2E5A-1FEE-3FF0BA1F7170</generatorID>
<ownerDesignName>modelohotel</ownerDesignName>
<nullsAllowed>true</nullsAllowed>
<useDomainConstraints>false</useDomainConstraints>
<use>1</use>
<logicalDatatype>LOGDT024</logicalDatatype>
<dataTypeSize>255 BYTE</dataTypeSize>
<ownDataTypeParameters>255 BYTE,,</ownDataTypeParameters>
<autoIncrementCycle>false</autoIncrementCycle>
</Column>
<Column name="estilo" id="B4434CB5-0373-B5F9-FE15-CC32E6F97134">
<createdBy>57313</createdBy>
<createdTime>2023-10-01 05:42:27 UTC</createdTime>
<generatorID>CA4B0AF4-3DC0-EB36-4786-20267F64BDA9</generatorID>
<ownerDesignName>modelohotel</ownerDesignName>
<nullsAllowed>true</nullsAllowed>
<useDomainConstraints>false</useDomainConstraints>
<use>1</use>
<logicalDatatype>LOGDT024</logicalDatatype>
<dataTypeSize>255 BYTE</dataTypeSize>
<ownDataTypeParameters>255 BYTE,,</ownDataTypeParameters>
<autoIncrementCycle>false</autoIncrementCycle>
</Column>
<Column name="capacidad" id="4B75C7AA-3DFB-953B-2166-F646318D27D0">
<createdBy>57313</createdBy>
<createdTime>2023-10-01 05:42:27 UTC</createdTime>
<generatorID>CDD8144B-3604-021B-F1A7-4492A33512AE</generatorID>
<ownerDesignName>modelohotel</ownerDesignName>
<nullsAllowed>true</nullsAllowed>
<useDomainConstraints>false</useDomainConstraints>
<use>1</use>
<logicalDatatype>LOGDT011</logicalDatatype>
<ownDataTypeParameters>,,</ownDataTypeParameters>
<autoIncrementCycle>false</autoIncrementCycle>
</Column>
<Column name="Servicio_id" id="D4FE2E5D-6919-F251-CB6C-442B8A46CD2B">
<createdBy>57313</createdBy>
<createdTime>2023-10-01 05:42:27 UTC</createdTime>
<generatorID>256BBA0A-E616-2516-DBEF-6EF4F524F834</generatorID>
<ownerDesignName>modelohotel</ownerDesignName>
<useDomainConstraints>false</useDomainConstraints>
<use>1</use>
<logicalDatatype>LOGDT019</logicalDatatype>
<ownDataTypeParameters>,,</ownDataTypeParameters>
<previousColumn>false</previousColumn>
<autoIncrementCycle>false</autoIncrementCycle>
<associations>
<colAssociation fkAssociation="045D7697-EC32-9594-12F4-18C0C749E4E5" referredColumn="84A14D2C-9E04-5559-6924-986F202C2719"/>
</associations>
</Column>
<Column name="Local_ID" id="2418A3CC-25A4-E87F-CF10-9784DF7E1BA0">
<createdBy>57313</createdBy>
<createdTime>2023-10-01 05:42:27 UTC</createdTime>
<ownerDesignName>modelohotel</ownerDesignName>
<useDomainConstraints>false</useDomainConstraints>
<use>1</use>
<logicalDatatype>LOGDT019</logicalDatatype>
<ownDataTypeParameters>,,</ownDataTypeParameters>
<autoIncrementColumn>true</autoIncrementColumn>
<identityColumn>true</identityColumn>
<autoIncrementCycle>false</autoIncrementCycle>
<isSurrogateColumn>true</isSurrogateColumn>
</Column>
</columns>
<indexes itemClass="oracle.dbtools.crest.model.design.relational.Index">
<ind_PK_UK id="D6F4A397-0A33-2B95-1B12-8C29409FE4BB" name="Local_PK">
<createdBy>57313</createdBy>
<createdTime>2023-10-01 05:42:27 UTC</createdTime>
<ownerDesignName>modelohotel</ownerDesignName>
<pk>true</pk>
<indexState>Primary Constraint</indexState>
<indexColumnUsage>
<colUsage columnID="2418A3CC-25A4-E87F-CF10-9784DF7E1BA0"/>
</indexColumnUsage>
</ind_PK_UK>
<ind_PK_UK id="5C0B673B-9DD5-AE3A-8965-1283F06F01D1" name="Local__IDX">
<createdBy>57313</createdBy>
<createdTime>2023-10-01 05:42:27 UTC</createdTime>
<ownerDesignName>modelohotel</ownerDesignName>
<indexState>Unique Plain Index</indexState>
<isSurrogateKey>false</isSurrogateKey>
<relationGeneratorID>20450115-78A1-7BAD-46D1-7300A192DFA2</relationGeneratorID>
<indexColumnUsage>
<colUsage columnID="D4FE2E5D-6919-F251-CB6C-442B8A46CD2B"/>
</indexColumnUsage>
</ind_PK_UK>
<ind_PK_UK id="6518BE58-BACA-582A-F055-A0B4498879D8" name="Local_Servicio_FK">
<createdBy>57313</createdBy>
<createdTime>2023-10-01 05:42:27 UTC</createdTime>
<generatorID>20450115-78A1-7BAD-46D1-7300A192DFA2</generatorID>
<ownerDesignName>modelohotel</ownerDesignName>
<indexState>Foreign Key</indexState>
<isSurrogateKey>false</isSurrogateKey>
<indexColumnUsage>
<colUsage columnID="D4FE2E5D-6919-F251-CB6C-442B8A46CD2B"/>
</indexColumnUsage>
</ind_PK_UK>
</indexes>
</Table>