<?xml version = '1.0' encoding = 'UTF-8'?>
<Table class="oracle.dbtools.crest.model.design.relational.Table" directorySegmentName="seg_0" id="E263BAC6-C907-8F38-4127-DB8D68EF0A41" name="Usuario">
<createdBy>57313</createdBy>
<createdTime>2023-10-01 05:42:27 UTC</createdTime>
<generatorID>B16AA718-6357-57C5-95DE-4DE347B370F8</generatorID>
<ownerDesignName>modelohotel</ownerDesignName>
<allowColumnReorder>false</allowColumnReorder>
<existDependencyGenerateInDDl>true</existDependencyGenerateInDDl>
<parsed>true</parsed>
<columns itemClass="oracle.dbtools.crest.model.design.relational.Column">
<Column name="id" id="5C12D4E8-B4A8-A5E2-A5B3-812104851B12">
<createdBy>57313</createdBy>
<createdTime>2023-10-01 05:42:27 UTC</createdTime>
<generatorID>859E723A-165D-9DAB-B2D9-6425DE9290AE</generatorID>
<ownerDesignName>modelohotel</ownerDesignName>
<useDomainConstraints>false</useDomainConstraints>
<use>1</use>
<logicalDatatype>LOGDT019</logicalDatatype>
<ownDataTypeParameters>,,</ownDataTypeParameters>
<autoIncrementCycle>false</autoIncrementCycle>
</Column>
<Column name="nombre" id="AA85BDBB-329C-EAE1-BD35-190BAB266F14">
<createdBy>57313</createdBy>
<createdTime>2023-10-01 05:42:27 UTC</createdTime>
<generatorID>93239BA7-A9E0-13EB-CEDA-B5D44268604C</generatorID>
<ownerDesignName>modelohotel</ownerDesignName>
<nullsAllowed>true</nullsAllowed>
<useDomainConstraints>false</useDomainConstraints>
<use>1</use>
<logicalDatatype>LOGDT024</logicalDatatype>
<dataTypeSize>255 BYTE</dataTypeSize>
<ownDataTypeParameters>255 BYTE,,</ownDataTypeParameters>
<autoIncrementCycle>false</autoIncrementCycle>
</Column>
<Column name="email" id="6855D0F9-CB62-48FF-529F-EDA559890F76">
<createdBy>57313</createdBy>
<createdTime>2023-10-01 05:42:27 UTC</createdTime>
<generatorID>ACFD2184-77F8-5FDB-BEEC-F6A2479B804C</generatorID>
<ownerDesignName>modelohotel</ownerDesignName>
<nullsAllowed>true</nullsAllowed>
<useDomainConstraints>false</useDomainConstraints>
<use>1</use>
<logicalDatatype>LOGDT024</logicalDatatype>
<dataTypeSize>255 BYTE</dataTypeSize>
<ownDataTypeParameters>255 BYTE,,</ownDataTypeParameters>
<autoIncrementCycle>false</autoIncrementCycle>
</Column>
<Column name="documento" id="C62B90EE-62A6-4395-9C1B-7264E281D096">
<createdBy>57313</createdBy>
<createdTime>2023-10-01 05:42:27 UTC</createdTime>
<generatorID>A9A0839E-6A92-F0F1-91AA-615F4285DC73</generatorID>
<ownerDesignName>modelohotel</ownerDesignName>
<nullsAllowed>true</nullsAllowed>
<useDomainConstraints>false</useDomainConstraints>
<use>1</use>
<logicalDatatype>LOGDT024</logicalDatatype>
<dataTypeSize>255 BYTE</dataTypeSize>
<ownDataTypeParameters>255 BYTE,,</ownDataTypeParameters>
<autoIncrementCycle>false</autoIncrementCycle>
</Column>
<Column name="tipoDocumento" id="5B0434AD-3560-9B03-7363-0E91E40B63BC">
<createdBy>57313</createdBy>
<createdTime>2023-10-01 05:42:27 UTC</createdTime>
<generatorID>AF4B5F9E-6811-EA6B-CAB1-D579DE1B2E61</generatorID>
<ownerDesignName>modelohotel</ownerDesignName>
<nullsAllowed>true</nullsAllowed>
<useDomainConstraints>false</useDomainConstraints>
<use>1</use>
<logicalDatatype>LOGDT024</logicalDatatype>
<dataTypeSize>255 BYTE</dataTypeSize>
<ownDataTypeParameters>255 BYTE,,</ownDataTypeParameters>
<autoIncrementCycle>false</autoIncrementCycle>
</Column>
<Column name="TipoUsuario_id" id="5B51B380-1E5B-D0FD-D591-26AD62363FB2">
<createdBy>57313</createdBy>
<createdTime>2023-10-01 05:42:27 UTC</createdTime>
<generatorID>A7C0A868-2007-3360-4200-F9F4FBCC35D0</generatorID>
<ownerDesignName>modelohotel</ownerDesignName>
<useDomainConstraints>false</useDomainConstraints>
<use>1</use>
<logicalDatatype>LOGDT019</logicalDatatype>
<ownDataTypeParameters>,,</ownDataTypeParameters>
<previousColumn>false</previousColumn>
<autoIncrementCycle>false</autoIncrementCycle>
<associations>
<colAssociation fkAssociation="C43B8517-9999-3083-1688-E1BAFE1DCA47" referredColumn="ABCC28F0-949F-6DC0-0022-8F5D715445E9"/>
</associations>
</Column>
<Column name="Cliente_Cliente_ID" id="874DDBAE-3CAC-E7BD-AC9C-7EC6B12C9E32">
<createdBy>57313</createdBy>
<createdTime>2023-10-01 05:42:27 UTC</createdTime>
<ownerDesignName>modelohotel</ownerDesignName>
<useDomainConstraints>false</useDomainConstraints>
<use>1</use>
<logicalDatatype>LOGDT019</logicalDatatype>
<ownDataTypeParameters>,,</ownDataTypeParameters>
<previousColumn>false</previousColumn>
<autoIncrementCycle>false</autoIncrementCycle>
<associations>
<colAssociation fkAssociation="86568766-D0A9-681D-2006-B22B5BDED17C" referredColumn="50323C2D-432C-6F35-F7B1-A23795FD7413"/>
</associations>
</Column>
</columns>
<indexes itemClass="oracle.dbtools.crest.model.design.relational.Index">
<ind_PK_UK id="F94A5BA8-94C1-93D1-9FE0-73EB7D4B7235" name="Usuario_PK">
<createdBy>57313</createdBy>
<createdTime>2023-10-01 05:42:27 UTC</createdTime>
<generatorID>EF7B8652-36DD-110C-CCE4-74FCD692A27E</generatorID>
<ownerDesignName>modelohotel</ownerDesignName>
<pk>true</pk>
<indexState>Primary Constraint</indexState>
<isSurrogateKey>false</isSurrogateKey>
<indexColumnUsage>
<colUsage columnID="5C12D4E8-B4A8-A5E2-A5B3-812104851B12"/>
</indexColumnUsage>
</ind_PK_UK>
<ind_PK_UK id="D1F3F074-6172-73BD-5FCD-CB015354EBC9" name="Usuario__IDX">
<createdBy>57313</createdBy>
<createdTime>2023-10-01 05:42:27 UTC</createdTime>
<ownerDesignName>modelohotel</ownerDesignName>
<indexState>Unique Plain Index</indexState>
<isSurrogateKey>false</isSurrogateKey>
<relationGeneratorID>00290C38-372A-3C59-6DF2-04FE058DA84B</relationGeneratorID>
<indexColumnUsage>
<colUsage columnID="874DDBAE-3CAC-E7BD-AC9C-7EC6B12C9E32"/>
</indexColumnUsage>
</ind_PK_UK>
<ind_PK_UK id="C66D4B12-3F56-BC7D-CEFE-5A5F2D4E92E9" name="Usuario_Cliente_FK">
<createdBy>57313</createdBy>
<createdTime>2023-10-01 05:42:27 UTC</createdTime>
<generatorID>00290C38-372A-3C59-6DF2-04FE058DA84B</generatorID>
<ownerDesignName>modelohotel</ownerDesignName>
<indexState>Foreign Key</indexState>
<isSurrogateKey>false</isSurrogateKey>
<indexColumnUsage>
<colUsage columnID="874DDBAE-3CAC-E7BD-AC9C-7EC6B12C9E32"/>
</indexColumnUsage>
</ind_PK_UK>
<ind_PK_UK id="4350AAA6-2340-3744-916E-AD5F2628E19B" name="Usuario_TipoUsuario_FK">
<createdBy>57313</createdBy>
<createdTime>2023-10-01 05:42:27 UTC</createdTime>
<generatorID>CA4F6938-CF7A-0C6B-B5BD-D8F28E73D98F</generatorID>
<ownerDesignName>modelohotel</ownerDesignName>
<indexState>Foreign Key</indexState>
<isSurrogateKey>false</isSurrogateKey>
<indexColumnUsage>
<colUsage columnID="5B51B380-1E5B-D0FD-D591-26AD62363FB2"/>
</indexColumnUsage>
</ind_PK_UK>
</indexes>
</Table>