<?xml version = '1.0' encoding = 'UTF-8'?>
<Table class="oracle.dbtools.crest.model.design.relational.Table" directorySegmentName="seg_0" id="E9A2B6FA-1B74-C14A-A279-000B85EC2043" name="Reserva">
<createdBy>57313</createdBy>
<createdTime>2023-10-01 05:42:27 UTC</createdTime>
<generatorID>D3595618-8309-B059-4943-AD7109BE4266</generatorID>
<ownerDesignName>modelohotel</ownerDesignName>
<allowColumnReorder>false</allowColumnReorder>
<existDependencyGenerateInDDl>true</existDependencyGenerateInDDl>
<parsed>true</parsed>
<columns itemClass="oracle.dbtools.crest.model.design.relational.Column">
<Column name="id" id="89935C88-D408-2910-E75E-C5F7C40A9027">
<createdBy>57313</createdBy>
<createdTime>2023-10-01 05:42:27 UTC</createdTime>
<generatorID>1668B70A-CCBC-66BE-5EF4-D0B599F16DB4</generatorID>
<ownerDesignName>modelohotel</ownerDesignName>
<useDomainConstraints>false</useDomainConstraints>
<use>1</use>
<logicalDatatype>LOGDT019</logicalDatatype>
<ownDataTypeParameters>,,</ownDataTypeParameters>
<autoIncrementCycle>false</autoIncrementCycle>
</Column>
<Column name="numNoches" id="F411631A-202D-B67C-C40C-C086C3756163">
<createdBy>57313</createdBy>
<createdTime>2023-10-01 05:42:27 UTC</createdTime>
<generatorID>80AC59A2-43C4-DAEA-9581-C3ECF5BC60EA</generatorID>
<ownerDesignName>modelohotel</ownerDesignName>
<nullsAllowed>true</nullsAllowed>
<useDomainConstraints>false</useDomainConstraints>
<use>1</use>
<logicalDatatype>LOGDT011</logicalDatatype>
<ownDataTypeParameters>,,</ownDataTypeParameters>
<autoIncrementCycle>false</autoIncrementCycle>
</Column>
<Column name="fechaIn" id="8F6F4A12-479E-8C6D-102A-5CB0E69D9233">
<createdBy>57313</createdBy>
<createdTime>2023-10-01 05:42:27 UTC</createdTime>
<generatorID>BB18000B-3371-F1FF-965B-8A32FC35169E</generatorID>
<ownerDesignName>modelohotel</ownerDesignName>
<nullsAllowed>true</nullsAllowed>
<useDomainConstraints>false</useDomainConstraints>
<use>1</use>
<logicalDatatype>LOGDT007</logicalDatatype>
<ownDataTypeParameters>,,</ownDataTypeParameters>
<autoIncrementCycle>false</autoIncrementCycle>
</Column>
<Column name="estado" id="95585F68-30DC-8AF9-BF73-09600CEF1746">
<createdBy>57313</createdBy>
<createdTime>2023-10-01 05:42:27 UTC</createdTime>
<generatorID>BE002039-C79B-6B4E-FD99-82342FDB7512</generatorID>
<ownerDesignName>modelohotel</ownerDesignName>
<nullsAllowed>true</nullsAllowed>
<useDomainConstraints>false</useDomainConstraints>
<use>1</use>
<logicalDatatype>LOGDT024</logicalDatatype>
<dataTypeSize>255 BYTE</dataTypeSize>
<ownDataTypeParameters>255 BYTE,,</ownDataTypeParameters>
<autoIncrementCycle>false</autoIncrementCycle>
</Column>
<Column name="acompanantes" id="24D7CC2A-261D-641C-A04F-6890E10DE34A">
<createdBy>57313</createdBy>
<createdTime>2023-10-01 05:42:27 UTC</createdTime>
<generatorID>A46C96C2-DFDA-4335-CDE9-79669A79F240</generatorID>
<ownerDesignName>modelohotel</ownerDesignName>
<nullsAllowed>true</nullsAllowed>
<useDomainConstraints>false</useDomainConstraints>
<use>1</use>
<logicalDatatype>LOGDT011</logicalDatatype>
<ownDataTypeParameters>,,</ownDataTypeParameters>
<autoIncrementCycle>false</autoIncrementCycle>
</Column>
<Column name="PlanConsumo_id" id="B05EB4C3-72A7-FDC2-3F9E-A1B8482DD84B">
<createdBy>57313</createdBy>
<createdTime>2023-10-01 05:42:27 UTC</createdTime>
<generatorID>880C9990-06AF-F928-E31E-2B3F8FE1AF4D</generatorID>
<ownerDesignName>modelohotel</ownerDesignName>
<useDomainConstraints>false</useDomainConstraints>
<use>1</use>
<logicalDatatype>LOGDT019</logicalDatatype>
<ownDataTypeParameters>,,</ownDataTypeParameters>
<previousColumn>false</previousColumn>
<autoIncrementCycle>false</autoIncrementCycle>
<associations>
<colAssociation fkAssociation="2DE53B25-0FE9-59D9-FF38-6E296F293CE4" referredColumn="79B3CE89-0413-3134-9204-09538FCDFAEA"/>
</associations>
</Column>
<Column name="Cliente_Cliente_ID" id="37FB0923-2FA1-23D1-7601-118699F0D541">
<createdBy>57313</createdBy>
<createdTime>2023-10-01 05:42:27 UTC</createdTime>
<ownerDesignName>modelohotel</ownerDesignName>
<useDomainConstraints>false</useDomainConstraints>
<use>1</use>
<logicalDatatype>LOGDT019</logicalDatatype>
<ownDataTypeParameters>,,</ownDataTypeParameters>
<previousColumn>false</previousColumn>
<autoIncrementCycle>false</autoIncrementCycle>
<associations>
<colAssociation fkAssociation="78A676F8-9628-9CD5-9561-AEDF7360CF45" referredColumn="50323C2D-432C-6F35-F7B1-A23795FD7413"/>
</associations>
</Column>
</columns>
<indexes itemClass="oracle.dbtools.crest.model.design.relational.Index">
<ind_PK_UK id="1B163B2E-E2BF-7AE3-40DF-3A922244FC34" name="Reserva_PK">
<createdBy>57313</createdBy>
<createdTime>2023-10-01 05:42:27 UTC</createdTime>
<generatorID>908A27D6-FF40-0B46-29DB-3BA7BBDE1ED0</generatorID>
<ownerDesignName>modelohotel</ownerDesignName>
<pk>true</pk>
<indexState>Primary Constraint</indexState>
<isSurrogateKey>false</isSurrogateKey>
<indexColumnUsage>
<colUsage columnID="89935C88-D408-2910-E75E-C5F7C40A9027"/>
<colUsage columnID="B05EB4C3-72A7-FDC2-3F9E-A1B8482DD84B"/>
</indexColumnUsage>
</ind_PK_UK>
<ind_PK_UK id="B214B1F4-3BB1-4442-E6F2-96CA8CFDDE8D" name="Reserva__IDX">
<createdBy>57313</createdBy>
<createdTime>2023-10-01 05:42:27 UTC</createdTime>
<ownerDesignName>modelohotel</ownerDesignName>
<indexState>Unique Plain Index</indexState>
<isSurrogateKey>false</isSurrogateKey>
<relationGeneratorID>9D117215-0A7E-70A1-CA6A-2BD6B13785A2</relationGeneratorID>
<indexColumnUsage>
<colUsage columnID="37FB0923-2FA1-23D1-7601-118699F0D541"/>
</indexColumnUsage>
</ind_PK_UK>
<ind_PK_UK id="9F5C6979-F498-CABE-E523-D5271BBA27B9" name="Reserva_Cliente_FK">
<createdBy>57313</createdBy>
<createdTime>2023-10-01 05:42:27 UTC</createdTime>
<generatorID>9D117215-0A7E-70A1-CA6A-2BD6B13785A2</generatorID>
<ownerDesignName>modelohotel</ownerDesignName>
<indexState>Foreign Key</indexState>
<isSurrogateKey>false</isSurrogateKey>
<indexColumnUsage>
<colUsage columnID="37FB0923-2FA1-23D1-7601-118699F0D541"/>
</indexColumnUsage>
</ind_PK_UK>
<ind_PK_UK id="044FCA3F-99D1-9D30-200D-1A2C369E86EE" name="Reserva_PlanConsumo_FK">
<createdBy>57313</createdBy>
<createdTime>2023-10-01 05:42:27 UTC</createdTime>
<generatorID>D095800E-06DA-13F6-225D-67AEC5A74E5D</generatorID>
<ownerDesignName>modelohotel</ownerDesignName>
<indexState>Foreign Key</indexState>
<isSurrogateKey>false</isSurrogateKey>
<indexColumnUsage>
<colUsage columnID="B05EB4C3-72A7-FDC2-3F9E-A1B8482DD84B"/>
</indexColumnUsage>
</ind_PK_UK>
</indexes>
</Table>