<?xml version = '1.0' encoding = 'UTF-8'?>
<Table class="oracle.dbtools.crest.model.design.relational.Table" directorySegmentName="seg_0" id="FC68E87C-D0EC-7559-8C02-28774A152D1A" name="Cuenta">
<createdBy>57313</createdBy>
<createdTime>2023-10-01 05:42:27 UTC</createdTime>
<generatorID>FA400B52-5565-F6AE-A331-CB3F45540178</generatorID>
<ownerDesignName>modelohotel</ownerDesignName>
<allowColumnReorder>false</allowColumnReorder>
<existDependencyGenerateInDDl>true</existDependencyGenerateInDDl>
<parsed>true</parsed>
<columns itemClass="oracle.dbtools.crest.model.design.relational.Column">
<Column name="Habitacion_id" id="55DCD8FB-58C4-A006-D5A3-47DF3DD4EFBA">
<createdBy>57313</createdBy>
<createdTime>2023-10-01 05:42:27 UTC</createdTime>
<generatorID>B62B20B2-1AAA-5AF0-7CEC-1D4BC6FC3D1F</generatorID>
<ownerDesignName>modelohotel</ownerDesignName>
<useDomainConstraints>false</useDomainConstraints>
<use>1</use>
<logicalDatatype>LOGDT019</logicalDatatype>
<ownDataTypeParameters>,,</ownDataTypeParameters>
<previousColumn>false</previousColumn>
<autoIncrementCycle>false</autoIncrementCycle>
<associations>
<colAssociation fkAssociation="C950D530-9FF2-C657-91EE-48A852423C0C" referredColumn="CFA48317-A45E-EAAF-B5F4-DC336D2FE84C"/>
</associations>
</Column>
<Column name="Reserva_id" id="AA9DC13A-03C8-829C-C5E6-1AFC6EB4FF41">
<createdBy>57313</createdBy>
<createdTime>2023-10-01 05:42:27 UTC</createdTime>
<generatorID>AA122474-A29A-CDA3-6FDB-70EF32D48D1F</generatorID>
<ownerDesignName>modelohotel</ownerDesignName>
<useDomainConstraints>false</useDomainConstraints>
<use>1</use>
<logicalDatatype>LOGDT019</logicalDatatype>
<ownDataTypeParameters>,,</ownDataTypeParameters>
<previousColumn>false</previousColumn>
<autoIncrementCycle>false</autoIncrementCycle>
<associations>
<colAssociation fkAssociation="3862208B-8F6C-1AC9-6523-C944C9CC17B1" referredColumn="89935C88-D408-2910-E75E-C5F7C40A9027"/>
</associations>
</Column>
<Column name="Reserva_PlanConsumo_id" id="16117B6B-D0EE-A263-C08C-EF11D6094726">
<createdBy>57313</createdBy>
<createdTime>2023-10-01 05:42:27 UTC</createdTime>
<generatorID>4C602D4E-5E0D-2FA8-1904-8A8FA4663C72</generatorID>
<ownerDesignName>modelohotel</ownerDesignName>
<useDomainConstraints>false</useDomainConstraints>
<use>1</use>
<logicalDatatype>LOGDT019</logicalDatatype>
<ownDataTypeParameters>,,</ownDataTypeParameters>
<previousColumn>false</previousColumn>
<autoIncrementCycle>false</autoIncrementCycle>
<associations>
<colAssociation fkAssociation="3862208B-8F6C-1AC9-6523-C944C9CC17B1" referredColumn="B05EB4C3-72A7-FDC2-3F9E-A1B8482DD84B"/>
</associations>
</Column>
<Column name="total" id="477A2072-93FD-A36D-AB0E-8AA439B1C0B5">
<createdBy>57313</createdBy>
<createdTime>2023-10-01 05:42:27 UTC</createdTime>
<generatorID>B6FB97F2-BFCE-6E3F-B959-15A9281E2DCD</generatorID>
<ownerDesignName>modelohotel</ownerDesignName>
<nullsAllowed>true</nullsAllowed>
<useDomainConstraints>false</useDomainConstraints>
<use>1</use>
<logicalDatatype>LOGDT020</logicalDatatype>
<ownDataTypeParameters>,,</ownDataTypeParameters>
<autoIncrementCycle>false</autoIncrementCycle>
</Column>
<Column name="descripcion" id="703F4CA8-B178-65D9-A5A8-7884A5D96148">
<createdBy>57313</createdBy>
<createdTime>2023-10-01 05:42:27 UTC</createdTime>
<generatorID>137A4830-E285-0728-D338-6A0231F296B1</generatorID>
<ownerDesignName>modelohotel</ownerDesignName>
<nullsAllowed>true</nullsAllowed>
<useDomainConstraints>false</useDomainConstraints>
<use>1</use>
<logicalDatatype>LOGDT024</logicalDatatype>
<dataTypeSize>255 BYTE</dataTypeSize>
<ownDataTypeParameters>255 BYTE,,</ownDataTypeParameters>
<autoIncrementCycle>false</autoIncrementCycle>
</Column>
</columns>
<indexes itemClass="oracle.dbtools.crest.model.design.relational.Index">
<ind_PK_UK id="10BFF115-1CAE-49D6-EE7F-87FB5B7C00AE" name="Cuenta_PK">
<createdBy>57313</createdBy>
<createdTime>2023-10-01 05:42:27 UTC</createdTime>
<generatorID>0C19614D-3FFF-D7E7-A5CA-7D99E6DF65F0</generatorID>
<ownerDesignName>modelohotel</ownerDesignName>
<pk>true</pk>
<indexState>Primary Constraint</indexState>
<isSurrogateKey>false</isSurrogateKey>
<indexColumnUsage>
<colUsage columnID="55DCD8FB-58C4-A006-D5A3-47DF3DD4EFBA"/>
</indexColumnUsage>
</ind_PK_UK>
<ind_PK_UK id="C3984348-604E-FD80-30E6-315E0BA5937A" name="Cuenta__IDX">
<createdBy>57313</createdBy>
<createdTime>2023-10-01 05:42:27 UTC</createdTime>
<ownerDesignName>modelohotel</ownerDesignName>
<indexState>Unique Plain Index</indexState>
<isSurrogateKey>false</isSurrogateKey>
<relationGeneratorID>B95C2345-10A6-BC51-0049-63676B4B8D49</relationGeneratorID>
<indexColumnUsage>
<colUsage columnID="AA9DC13A-03C8-829C-C5E6-1AFC6EB4FF41"/>
<colUsage columnID="16117B6B-D0EE-A263-C08C-EF11D6094726"/>
</indexColumnUsage>
</ind_PK_UK>
<ind_PK_UK id="88C55B6E-80E1-45A0-28F3-AF84DF0FA7F0" name="Cuenta_Habitacion_FK">
<createdBy>57313</createdBy>
<createdTime>2023-10-01 05:42:27 UTC</createdTime>
<generatorID>EF3DB758-9C71-C0B3-336E-D1913EE52283</generatorID>
<ownerDesignName>modelohotel</ownerDesignName>
<indexState>Foreign Key</indexState>
<isSurrogateKey>false</isSurrogateKey>
<indexColumnUsage>
<colUsage columnID="55DCD8FB-58C4-A006-D5A3-47DF3DD4EFBA"/>
</indexColumnUsage>
</ind_PK_UK>
<ind_PK_UK id="4ACBB811-AF19-00CB-5085-856CDF2AEFBE" name="Cuenta_Reserva_FK">
<createdBy>57313</createdBy>
<createdTime>2023-10-01 05:42:27 UTC</createdTime>
<generatorID>B95C2345-10A6-BC51-0049-63676B4B8D49</generatorID>
<ownerDesignName>modelohotel</ownerDesignName>
<indexState>Foreign Key</indexState>
<isSurrogateKey>false</isSurrogateKey>
<indexColumnUsage>
<colUsage columnID="AA9DC13A-03C8-829C-C5E6-1AFC6EB4FF41"/>
<colUsage columnID="16117B6B-D0EE-A263-C08C-EF11D6094726"/>
</indexColumnUsage>
</ind_PK_UK>
</indexes>
</Table>