<?xml version = '1.0' encoding = 'UTF-8'?>
<Table class="oracle.dbtools.crest.model.design.relational.Table" directorySegmentName="seg_0" id="FF3AA30C-CAF7-5BA7-04F1-C61355119B00" name="Habitacion">
<createdBy>57313</createdBy>
<createdTime>2023-10-01 05:42:27 UTC</createdTime>
<generatorID>1F79EE9E-1402-B24C-D1C3-FC119519E16C</generatorID>
<ownerDesignName>modelohotel</ownerDesignName>
<allowColumnReorder>false</allowColumnReorder>
<existDependencyGenerateInDDl>true</existDependencyGenerateInDDl>
<parsed>true</parsed>
<columns itemClass="oracle.dbtools.crest.model.design.relational.Column">
<Column name="id" id="CFA48317-A45E-EAAF-B5F4-DC336D2FE84C">
<createdBy>57313</createdBy>
<createdTime>2023-10-01 05:42:27 UTC</createdTime>
<generatorID>20094D91-E5C7-CEF8-A1F4-D980EC40D28C</generatorID>
<ownerDesignName>modelohotel</ownerDesignName>
<useDomainConstraints>false</useDomainConstraints>
<use>1</use>
<logicalDatatype>LOGDT019</logicalDatatype>
<ownDataTypeParameters>,,</ownDataTypeParameters>
<autoIncrementCycle>false</autoIncrementCycle>
</Column>
<Column name="TipoHabitacion_id" id="60E43604-A00E-BE06-4E0D-8C070513C33F">
<createdBy>57313</createdBy>
<createdTime>2023-10-01 05:42:27 UTC</createdTime>
<generatorID>2B221382-EC69-5C12-3BE3-D456F9AF80B1</generatorID>
<ownerDesignName>modelohotel</ownerDesignName>
<useDomainConstraints>false</useDomainConstraints>
<use>1</use>
<logicalDatatype>LOGDT019</logicalDatatype>
<ownDataTypeParameters>,,</ownDataTypeParameters>
<previousColumn>false</previousColumn>
<autoIncrementCycle>false</autoIncrementCycle>
<associations>
<colAssociation fkAssociation="A5214782-5015-A70F-CFBD-0BA509F7D213" referredColumn="38F5B9ED-C3B5-2D63-D91C-52EB7050604A"/>
</associations>
</Column>
</columns>
<indexes itemClass="oracle.dbtools.crest.model.design.relational.Index">
<ind_PK_UK id="9FFBD6AC-1B7D-CC81-DC2A-FD0B116E55A4" name="Habitacion_PK">
<createdBy>57313</createdBy>
<createdTime>2023-10-01 05:42:27 UTC</createdTime>
<generatorID>7AC03F7A-4D1D-1234-7BD2-184C971EA3BD</generatorID>
<ownerDesignName>modelohotel</ownerDesignName>
<pk>true</pk>
<indexState>Primary Constraint</indexState>
<isSurrogateKey>false</isSurrogateKey>
<indexColumnUsage>
<colUsage columnID="CFA48317-A45E-EAAF-B5F4-DC336D2FE84C"/>
</indexColumnUsage>
</ind_PK_UK>
<ind_PK_UK id="C66DA986-C256-4111-28BB-B0CA6BD08C38" name="Habitacion_TipoHabitacion_FK">
<createdBy>57313</createdBy>
<createdTime>2023-10-01 05:42:27 UTC</createdTime>
<generatorID>C67A8EDB-E098-7F97-E4FD-5DCB6C8B23EF</generatorID>
<ownerDesignName>modelohotel</ownerDesignName>
<indexState>Foreign Key</indexState>
<isSurrogateKey>false</isSurrogateKey>
<indexColumnUsage>
<colUsage columnID="60E43604-A00E-BE06-4E0D-8C070513C33F"/>
</indexColumnUsage>
</ind_PK_UK>
</indexes>
</Table>