<?xml version = '1.0' encoding = 'UTF-8'?>
<Entity class="oracle.dbtools.crest.model.design.logical.Entity" directorySegmentName="seg_0" id="1F79EE9E-1402-B24C-D1C3-FC119519E16C" name="Habitacion">
<createdBy>57313</createdBy>
<createdTime>2023-10-01 04:59:42 UTC</createdTime>
<ownerDesignName>modelohotel</ownerDesignName>
<engineerTo>
<item key="38C1456F-0494-169C-8218-E87D6F482850" value="true"/>
<item key="EEF6EADE-8AE9-2943-21AB-C71FA040068E" value="true"/>
</engineerTo>
<adequatelyNormalized>NO</adequatelyNormalized>
<expectedVolumes>0</expectedVolumes>
<fwdEngineeringStrategyName>Single Table</fwdEngineeringStrategyName>
<growthPercent>0</growthPercent>
<growthType>Year</growthType>
<maxVolumes>9999999</maxVolumes>
<minVolumes>0</minVolumes>
<normalForm>Third</normalForm>
<attributes itemClass="oracle.dbtools.crest.model.design.logical.Attribute">
<Attribute name="id" id="20094D91-E5C7-CEF8-A1F4-D980EC40D28C">
<createdBy>57313</createdBy>
<createdTime>2023-10-01 04:59:51 UTC</createdTime>
<generatorID>2BD40878-3E41-07CA-D3C4-2A7662B949AD</generatorID>
<ownerDesignName>modelohotel</ownerDesignName>
<engineerTo>
<item key="38C1456F-0494-169C-8218-E87D6F482850" value="true"/>
<item key="EEF6EADE-8AE9-2943-21AB-C71FA040068E" value="true"/>
</engineerTo>
<referedAttribute>2518A35D-58E7-7910-CB71-5CAE6BA41690</referedAttribute>
<useDomainConstraints>false</useDomainConstraints>
<use>1</use>
<logicalDatatype>LOGDT019</logicalDatatype>
<ownDataTypeParameters>,,</ownDataTypeParameters>
</Attribute>
<Attribute name="capacidad" id="2B221382-EC69-5C12-3BE3-D456F9AF80B1">
<createdBy>57313</createdBy>
<createdTime>2023-10-01 05:02:11 UTC</createdTime>
<generatorID>C67A8EDB-E098-7F97-E4FD-5DCB6C8B23EF</generatorID>
<ownerDesignName>modelohotel</ownerDesignName>
<engineerTo>
<item key="38C1456F-0494-169C-8218-E87D6F482850" value="true"/>
<item key="EEF6EADE-8AE9-2943-21AB-C71FA040068E" value="true"/>
</engineerTo>
<referedAttribute>75DA9990-6094-6F31-1724-444CCDA44922</referedAttribute>
<useDomainConstraints>false</useDomainConstraints>
<use>1</use>
<logicalDatatype>LOGDT019</logicalDatatype>
<ownDataTypeParameters>,,</ownDataTypeParameters>
</Attribute>
<Attribute name="tipo" id="236EA476-72FC-8186-FDCE-FEF3920462D3">
<createdBy>57313</createdBy>
<createdTime>2023-10-01 06:24:42 UTC</createdTime>
<ownerDesignName>modelohotel</ownerDesignName>
<importedID>10EE4B2B-21D0-AFC4-F4F8-CDB39FF1922A</importedID>
<engineerTo>
<item key="38C1456F-0494-169C-8218-E87D6F482850" value="true"/>
<item key="EEF6EADE-8AE9-2943-21AB-C71FA040068E" value="true"/>
</engineerTo>
<constraintName>Tipo</constraintName>
<useDomainConstraints>false</useDomainConstraints>
<use>1</use>
<logicalDatatype>LOGDT024</logicalDatatype>
<dataTypeSize>25</dataTypeSize>
<listOfValues>
<valueDef value="Doble" description=""/>
<valueDef value="Familiar" description=""/>
<valueDef value="Sencilla" description=""/>
<valueDef value="Suite" description=""/>
<valueDef value="Suite presidencial" description=""/>
</listOfValues>
<ownDataTypeParameters>25,,</ownDataTypeParameters>
</Attribute>
<Attribute name="precioPorNoche" id="89E33E78-4AFE-4F68-D20B-BCAD54D80532">
<createdBy>57313</createdBy>
<createdTime>2023-10-01 06:24:42 UTC</createdTime>
<ownerDesignName>modelohotel</ownerDesignName>
<importedID>6B78C2A3-2D51-E50D-1CF4-1BABEEC26B48</importedID>
<engineerTo>
<item key="38C1456F-0494-169C-8218-E87D6F482850" value="true"/>
<item key="EEF6EADE-8AE9-2943-21AB-C71FA040068E" value="true"/>
</engineerTo>
<useDomainConstraints>false</useDomainConstraints>
<use>1</use>
<logicalDatatype>LOGDT019</logicalDatatype>
<ownDataTypeParameters>,,</ownDataTypeParameters>
</Attribute>
</attributes>
<identifiers itemClass="oracle.dbtools.crest.model.design.logical.CandidateKey">
<identifier id="7AC03F7A-4D1D-1234-7BD2-184C971EA3BD" name="Habitacion PK">
<createdBy>57313</createdBy>
<createdTime>2023-10-01 05:00:03 UTC</createdTime>
<ownerDesignName>modelohotel</ownerDesignName>
<engineerTo>
<item key="38C1456F-0494-169C-8218-E87D6F482850" value="true"/>
<item key="EEF6EADE-8AE9-2943-21AB-C71FA040068E" value="true"/>
</engineerTo>
<pk>true</pk>
<usedAttributes>
<attributeRef>20094D91-E5C7-CEF8-A1F4-D980EC40D28C</attributeRef>
</usedAttributes>
</identifier>
</identifiers>
</Entity>