<?xml version = '1.0' encoding = 'UTF-8'?>
<Entity class="oracle.dbtools.crest.model.design.logical.Entity" directorySegmentName="seg_0" id="30D1D1F9-214A-654F-A80E-5AC07109EDB5" name="Cliente">
<createdBy>57313</createdBy>
<createdTime>2023-10-01 04:48:27 UTC</createdTime>
<ownerDesignName>modelohotel</ownerDesignName>
<engineerTo>
<item key="38C1456F-0494-169C-8218-E87D6F482850" value="true"/>
<item key="EEF6EADE-8AE9-2943-21AB-C71FA040068E" value="true"/>
</engineerTo>
<adequatelyNormalized>NO</adequatelyNormalized>
<expectedVolumes>0</expectedVolumes>
<fwdEngineeringStrategyName>Single Table</fwdEngineeringStrategyName>
<growthPercent>0</growthPercent>
<growthType>Year</growthType>
<maxVolumes>9999999</maxVolumes>
<minVolumes>0</minVolumes>
<normalForm>Third</normalForm>
<attributes itemClass="oracle.dbtools.crest.model.design.logical.Attribute">
<Attribute name="id" id="44979677-D01A-C7E3-B074-2B1D36C230C6">
<createdBy>57313</createdBy>
<createdTime>2023-10-01 06:24:42 UTC</createdTime>
<ownerDesignName>modelohotel</ownerDesignName>
<importedID>0163E056-896B-BD31-1325-93E5CC557FCB</importedID>
<engineerTo>
<item key="38C1456F-0494-169C-8218-E87D6F482850" value="true"/>
<item key="EEF6EADE-8AE9-2943-21AB-C71FA040068E" value="true"/>
</engineerTo>
<useDomainConstraints>false</useDomainConstraints>
<use>1</use>
<logicalDatatype>LOGDT019</logicalDatatype>
<ownDataTypeParameters>,,</ownDataTypeParameters>
</Attribute>
<Attribute name="nombre" id="2CDC274A-5CFB-AF6A-5A90-56040629CC19">
<createdBy>57313</createdBy>
<createdTime>2023-10-01 06:24:42 UTC</createdTime>
<ownerDesignName>modelohotel</ownerDesignName>
<importedID>5401D069-5E57-7FA4-1214-7CD5EC0FB9C7</importedID>
<engineerTo>
<item key="38C1456F-0494-169C-8218-E87D6F482850" value="true"/>
<item key="EEF6EADE-8AE9-2943-21AB-C71FA040068E" value="true"/>
</engineerTo>
<useDomainConstraints>false</useDomainConstraints>
<use>1</use>
<logicalDatatype>LOGDT024</logicalDatatype>
<dataTypeSize>25</dataTypeSize>
<ownDataTypeParameters>25,,</ownDataTypeParameters>
</Attribute>
<Attribute name="telefono" id="F123BB9F-4CAF-50A2-D9DD-49CE84F5AAFB">
<createdBy>57313</createdBy>
<createdTime>2023-10-01 06:24:42 UTC</createdTime>
<ownerDesignName>modelohotel</ownerDesignName>
<importedID>07E4A174-E91F-8834-EFD9-72DAAC65C47F</importedID>
<engineerTo>
<item key="38C1456F-0494-169C-8218-E87D6F482850" value="true"/>
<item key="EEF6EADE-8AE9-2943-21AB-C71FA040068E" value="true"/>
</engineerTo>
<nullsAllowed>true</nullsAllowed>
<useDomainConstraints>false</useDomainConstraints>
<use>1</use>
<logicalDatatype>LOGDT019</logicalDatatype>
<ownDataTypeParameters>,,</ownDataTypeParameters>
</Attribute>
</attributes>
<identifiers itemClass="oracle.dbtools.crest.model.design.logical.CandidateKey">
<identifier id="55FF6B49-2466-B0F3-2BBE-EDEB780E104C" name="Cliente PK">
<createdBy>57313</createdBy>
<createdTime>2023-10-01 06:24:42 UTC</createdTime>
<ownerDesignName>modelohotel</ownerDesignName>
<importedID>CDBA89B7-EEE7-CED0-8DE9-9163394DF705</importedID>
<engineerTo>
<item key="38C1456F-0494-169C-8218-E87D6F482850" value="true"/>
<item key="EEF6EADE-8AE9-2943-21AB-C71FA040068E" value="true"/>
</engineerTo>
<pk>true</pk>
<usedAttributes>
<attributeRef>44979677-D01A-C7E3-B074-2B1D36C230C6</attributeRef>
</usedAttributes>
</identifier>
</identifiers>
</Entity>