<?xml version = '1.0' encoding = 'UTF-8'?>
<Entity class="oracle.dbtools.crest.model.design.logical.Entity" directorySegmentName="seg_0" id="5335F60E-AD4D-5565-96CB-9EE616D80A2F" name="PrestamoUtensilio">
<createdBy>57313</createdBy>
<createdTime>2023-10-01 06:24:42 UTC</createdTime>
<ownerDesignName>modelohotel</ownerDesignName>
<importedID>3F3A4D37-16B2-0C7C-84A7-98AAF54958CC</importedID>
<engineerTo>
<item key="38C1456F-0494-169C-8218-E87D6F482850" value="true"/>
<item key="EEF6EADE-8AE9-2943-21AB-C71FA040068E" value="true"/>
</engineerTo>
<adequatelyNormalized>NO</adequatelyNormalized>
<expectedVolumes>0</expectedVolumes>
<fwdEngineeringStrategyName>Single Table</fwdEngineeringStrategyName>
<growthPercent>0</growthPercent>
<growthType>Year</growthType>
<maxVolumes>9999999</maxVolumes>
<minVolumes>0</minVolumes>
<normalForm>Third</normalForm>
<attributes itemClass="oracle.dbtools.crest.model.design.logical.Attribute">
<Attribute name="id" id="43AFEA9B-38FF-D736-73B8-F7760389DFE3">
<createdBy>57313</createdBy>
<createdTime>2023-10-01 06:24:42 UTC</createdTime>
<ownerDesignName>modelohotel</ownerDesignName>
<importedID>A4C6E41F-BDB5-D512-12BB-3BCB0E6BDE9B</importedID>
<engineerTo>
<item key="38C1456F-0494-169C-8218-E87D6F482850" value="true"/>
<item key="EEF6EADE-8AE9-2943-21AB-C71FA040068E" value="true"/>
</engineerTo>
<useDomainConstraints>false</useDomainConstraints>
<use>1</use>
<logicalDatatype>LOGDT019</logicalDatatype>
<ownDataTypeParameters>,,</ownDataTypeParameters>
</Attribute>
<Attribute name="id1" id="81924115-2817-4AD3-BFFC-65CC55740614">
<createdBy>57313</createdBy>
<createdTime>2023-10-01 06:24:42 UTC</createdTime>
<generatorID>6BE7B520-5E92-8FEE-6DB5-842E595F47FF</generatorID>
<ownerDesignName>modelohotel</ownerDesignName>
<engineerTo>
<item key="38C1456F-0494-169C-8218-E87D6F482850" value="true"/>
<item key="EEF6EADE-8AE9-2943-21AB-C71FA040068E" value="true"/>
</engineerTo>
<referedAttribute>20094D91-E5C7-CEF8-A1F4-D980EC40D28C</referedAttribute>
<useDomainConstraints>false</useDomainConstraints>
<use>1</use>
<logicalDatatype>LOGDT019</logicalDatatype>
<ownDataTypeParameters>,,</ownDataTypeParameters>
</Attribute>
</attributes>
<identifiers itemClass="oracle.dbtools.crest.model.design.logical.CandidateKey">
<identifier id="7846CC6D-B739-10D9-B167-0B8AAF6C2E57" name="PrestamoUtensilio PK">
<createdBy>57313</createdBy>
<createdTime>2023-10-01 06:24:42 UTC</createdTime>
<ownerDesignName>modelohotel</ownerDesignName>
<importedID>394979A2-EE07-CED0-490E-FB83D7607659</importedID>
<engineerTo>
<item key="38C1456F-0494-169C-8218-E87D6F482850" value="true"/>
<item key="EEF6EADE-8AE9-2943-21AB-C71FA040068E" value="true"/>
</engineerTo>
<pk>true</pk>
<usedAttributes>
<attributeRef>43AFEA9B-38FF-D736-73B8-F7760389DFE3</attributeRef>
</usedAttributes>
</identifier>
</identifiers>
</Entity>