<?xml version = '1.0' encoding = 'UTF-8'?>
<Entity class="oracle.dbtools.crest.model.design.logical.Entity" directorySegmentName="seg_0" id="B63BEDD4-9276-E2B4-0506-5132E4A3C759" name="TipoHabitacion">
<createdBy>57313</createdBy>
<createdTime>2023-10-01 05:00:16 UTC</createdTime>
<ownerDesignName>modelohotel</ownerDesignName>
<engineerTo>
<item key="38C1456F-0494-169C-8218-E87D6F482850" value="true"/>
<item key="EEF6EADE-8AE9-2943-21AB-C71FA040068E" value="true"/>
</engineerTo>
<adequatelyNormalized>NO</adequatelyNormalized>
<expectedVolumes>0</expectedVolumes>
<fwdEngineeringStrategyName>Single Table</fwdEngineeringStrategyName>
<growthPercent>0</growthPercent>
<growthType>Year</growthType>
<maxVolumes>9999999</maxVolumes>
<minVolumes>0</minVolumes>
<normalForm>Third</normalForm>
<attributes itemClass="oracle.dbtools.crest.model.design.logical.Attribute">
<Attribute name="id" id="75DA9990-6094-6F31-1724-444CCDA44922">
<createdBy>57313</createdBy>
<createdTime>2023-10-01 05:00:24 UTC</createdTime>
<ownerDesignName>modelohotel</ownerDesignName>
<engineerTo>
<item key="38C1456F-0494-169C-8218-E87D6F482850" value="true"/>
<item key="EEF6EADE-8AE9-2943-21AB-C71FA040068E" value="true"/>
</engineerTo>
<useDomainConstraints>false</useDomainConstraints>
<use>1</use>
<logicalDatatype>LOGDT019</logicalDatatype>
<ownDataTypeParameters>,,</ownDataTypeParameters>
</Attribute>
<Attribute name="descripcion" id="74C6EED4-9F1F-9F39-0833-8827C84EF873">
<createdBy>57313</createdBy>
<createdTime>2023-10-01 05:00:54 UTC</createdTime>
<ownerDesignName>modelohotel</ownerDesignName>
<engineerTo>
<item key="38C1456F-0494-169C-8218-E87D6F482850" value="true"/>
<item key="EEF6EADE-8AE9-2943-21AB-C71FA040068E" value="true"/>
</engineerTo>
<nullsAllowed>true</nullsAllowed>
<useDomainConstraints>false</useDomainConstraints>
<use>1</use>
<logicalDatatype>LOGDT024</logicalDatatype>
<dataTypeSize>255 BYTE</dataTypeSize>
<ownDataTypeParameters>255 BYTE,,</ownDataTypeParameters>
</Attribute>
<Attribute name="precio" id="E7BBC6B5-93D9-1818-81C6-8E9B265DE751">
<createdBy>57313</createdBy>
<createdTime>2023-10-01 05:01:20 UTC</createdTime>
<ownerDesignName>modelohotel</ownerDesignName>
<engineerTo>
<item key="38C1456F-0494-169C-8218-E87D6F482850" value="true"/>
<item key="EEF6EADE-8AE9-2943-21AB-C71FA040068E" value="true"/>
</engineerTo>
<nullsAllowed>true</nullsAllowed>
<useDomainConstraints>false</useDomainConstraints>
<use>1</use>
<logicalDatatype>LOGDT020</logicalDatatype>
<ownDataTypeParameters>,,</ownDataTypeParameters>
</Attribute>
<Attribute name="capacidad" id="6DFA30D8-956C-3831-9B3A-712342D4EF1E">
<createdBy>57313</createdBy>
<createdTime>2023-10-01 05:01:40 UTC</createdTime>
<ownerDesignName>modelohotel</ownerDesignName>
<engineerTo>
<item key="38C1456F-0494-169C-8218-E87D6F482850" value="true"/>
<item key="EEF6EADE-8AE9-2943-21AB-C71FA040068E" value="true"/>
</engineerTo>
<nullsAllowed>true</nullsAllowed>
<useDomainConstraints>false</useDomainConstraints>
<use>1</use>
<logicalDatatype>LOGDT011</logicalDatatype>
<ownDataTypeParameters>,,</ownDataTypeParameters>
</Attribute>
</attributes>
<identifiers itemClass="oracle.dbtools.crest.model.design.logical.CandidateKey">
<identifier id="2F3BA242-CE7A-6F10-B3B3-5238F2C7469C" name="TipoHabitacion PK">
<createdBy>57313</createdBy>
<createdTime>2023-10-01 05:00:51 UTC</createdTime>
<ownerDesignName>modelohotel</ownerDesignName>
<engineerTo>
<item key="38C1456F-0494-169C-8218-E87D6F482850" value="true"/>
<item key="EEF6EADE-8AE9-2943-21AB-C71FA040068E" value="true"/>
</engineerTo>
<pk>true</pk>
<usedAttributes>
<attributeRef>75DA9990-6094-6F31-1724-444CCDA44922</attributeRef>
</usedAttributes>
</identifier>
</identifiers>
</Entity>